customer_id,age,occupation_status,years_employed,annual_income,credit_score,credit_history_years,savings_assets,current_debt,defaults_on_file,delinquencies_last_2yrs,derogatory_marks,product_type,loan_intent,loan_amount,interest_rate,debt_to_income_ratio,loan_to_income_ratio,payment_to_income_ratio,loan_status
CUST100000,40,Employed,17.2,25579,692,5.3,895,10820,0,0,0,Credit Card,Business,600,17.02,0.423,0.023,0.008,1
CUST100001,33,Employed,7.3,43087,627,3.5,169,16550,0,1,0,Personal Loan,Home Improvement,53300,14.1,0.384,1.237,0.412,0
CUST100002,42,Student,1.1,20840,689,8.4,17,7852,0,0,0,Credit Card,Debt Consolidation,2100,18.33,0.377,0.101,0.034,1
CUST100003,53,Student,0.5,29147,692,9.8,1480,11603,0,1,0,Credit Card,Business,2900,18.74,0.398,0.099,0.033,1
CUST100004,32,Employed,12.5,,630,7.2,209,12424,0,0,0,Personal Loan,Education,99600,13.92,0.195,1.565,0.522,1
CUST100005,32,Employed,13.4,32015,570,7.3,253,1120,0,0,2,Credit Card,Personal,37000,22.92,0.035,1.156,0.385,0
CUST100006,53,Employed,22.9,44989,674,11.1,19667,19298,0,0,0,Personal Loan,Home Improvement,45600,11.02,0.429,1.014,0.338,1
CUST100007,44,Self-Employed,4.2,80603,625,18.5,830,38382,0,0,0,Credit Card,Personal,51700,19.42,0.476,0.641,0.214,1
CUST100008,29,Employed,5.9,28416,569,2.6,1334,22668,1,2,0,Credit Card,Education,33800,22.72,0.798,1.189,0.396,0
CUST100009,41,Employed,7,70717,638,21.5,1578,21394,0,1,0,Credit Card,Personal,70000,19.35,0.303,0.99,0.33,1
CUST100010,29,Employed,5,15000,657,8.9,2105,3866,0,0,0,Line of Credit,Education,5000,9.24,0.258,0.333,0.111,1
CUST100011,29,Student,1.3,17029,668,4.3,215,5592,0,0,0,Line of Credit,Personal,6300,9.69,0.328,0.37,0.123,1
CUST100012,37,Employed,1.3,49084,580,11.3,1289,21106,0,0,1,Line of Credit,Medical,40800,13.12,0.43,0.831,0.277,0
CUST100013,18,Employed,0,55958,681,1.4,378,14090,0,0,0,Credit Card,Education,18000,17.78,0.252,0.322,0.107,1
CUST100014,18,Self-Employed,1,,561,1.6,538,13733,0,1,1,Credit Card,Medical,35700,21.57,0.139,0.361,0.12,0
CUST100015,28,Employed,0.4,59609,654,2.6,881,9183,0,0,0,Credit Card,Debt Consolidation,19500,17.33,0.154,0.327,0.109,1
CUST100016,22,Self-Employed,1,82604,605,3.5,9216,16116,0,0,0,Line of Credit,Personal,50000,12.57,0.195,0.605,0.202,1
CUST100017,38,Employed,5.3,53356,671,19.8,6339,23085,0,1,0,Credit Card,Debt Consolidation,18700,17.58,0.433,0.35,0.117,1
CUST100018,24,Employed,5.4,18675,531,3.3,11,3280,0,2,0,Credit Card,Medical,9500,22.49,0.176,0.509,0.17,0
CUST100019,18,Self-Employed,1,55309,597,1.5,346,2930,0,0,0,Personal Loan,Debt Consolidation,50400,16.13,0.053,0.911,0.304,0
CUST100020,52,Employed,31.3,75932,695,2.1,1283,10655,0,0,0,Personal Loan,Home Improvement,96000,11.05,0.14,1.264,0.421,1
CUST100021,32,Employed,1.3,109702,720,10.4,2790,42534,0,0,0,Credit Card,Personal,4000,17.41,0.388,0.036,0.012,1
CUST100022,35,Employed,16.9,68117,698,16.3,549,20450,0,0,0,Credit Card,Home Improvement,16400,17.7,0.3,0.241,0.08,1
CUST100023,18,Student,0.3,33556,574,1.5,91,10727,0,1,1,Credit Card,Business,3400,21.47,0.32,0.101,0.034,0
CUST100024,28,Self-Employed,5.4,59899,567,3.2,20476,27393,0,0,0,Line of Credit,Medical,31700,14.98,0.457,0.529,0.176,0
CUST100025,36,Employed,6.8,55609,651,16.9,1896,16140,0,0,0,Personal Loan,Education,69400,12.97,0.29,1.248,0.416,1
CUST100026,21,Employed,2.9,31219,656,1,54,5261,0,0,0,Credit Card,Business,19400,17.94,0.169,0.621,0.207,1
CUST100027,39,Employed,0,43085,579,3.5,206,359,0,4,1,Personal Loan,Medical,82800,15.68,0.008,1.922,0.641,0
CUST100028,27,Employed,6.2,23613,594,2.9,320,3017,1,1,0,Personal Loan,Debt Consolidation,26400,15.68,0.128,1.118,0.373,0
CUST100029,31,Employed,12.9,21376,632,8,3388,5083,0,1,1,Line of Credit,Education,6200,12.25,0.238,0.29,0.097,1
CUST100030,27,Employed,6.2,32073,619,8,274,6458,0,0,0,Personal Loan,Medical,50600,13.03,0.201,1.578,0.526,1
CUST100031,57,Self-Employed,21.5,38484,696,10.5,4316,18674,0,1,0,Line of Credit,Medical,18500,9.95,0.485,0.481,0.16,0
CUST100032,34,Employed,10.7,27886,623,6.8,110,2991,0,1,0,Personal Loan,Home Improvement,45300,13.91,0.107,1.624,0.541,0
CUST100033,22,Employed,3.9,,607,2.8,82,7111,0,1,0,Credit Card,Home Improvement,44700,20.18,0.193,1.212,0.404,0
CUST100034,44,Employed,18.7,92711,671,0.8,3851,14546,0,0,0,Personal Loan,Personal,100000,12.14,0.157,1.079,0.36,1
CUST100035,20,Employed,1,21651,703,1.7,52,12414,0,1,0,Credit Card,Personal,30000,16.23,0.573,1.386,0.462,0
CUST100036,37,Employed,4.7,48193,523,2.7,257,2464,0,0,0,Personal Loan,Education,64500,16.85,0.051,1.338,0.446,0
CUST100037,18,Employed,0,18730,618,0.4,0,3908,0,0,0,Personal Loan,Debt Consolidation,7000,13.76,0.209,0.374,0.125,0
CUST100038,19,Employed,0.2,38696,546,0.9,36,10868,0,0,0,Credit Card,Education,2400,21.08,0.281,0.062,0.021,1
CUST100039,37,Employed,1.2,55961,704,1.8,131,4799,0,0,0,Line of Credit,Home Improvement,27000,8.94,0.086,0.482,0.161,1
CUST100040,43,Employed,19.1,36496,589,18.2,463,7873,0,1,0,Credit Card,Personal,44300,22.33,0.216,1.214,0.405,0
CUST100041,37,Employed,7,54983,744,7.2,399,6316,0,0,1,Personal Loan,Education,100000,10.27,0.115,1.819,0.606,1
CUST100042,33,Employed,3.2,15000,688,7.6,459,2587,0,0,0,Credit Card,Home Improvement,6000,18.5,0.172,0.4,0.133,1
CUST100043,31,Employed,10,51632,677,11,3117,32886,0,0,0,Credit Card,Personal,59700,18.54,0.637,1.156,0.385,0
CUST100044,18,Employed,0,17747,666,0.1,2,3846,0,0,0,Credit Card,Personal,24300,17.69,0.217,1.369,0.456,0
CUST100045,26,Self-Employed,1.3,33606,675,1.4,258,3586,0,1,1,Personal Loan,Personal,23700,11.73,0.107,0.705,0.235,0
CUST100046,29,Employed,4.6,23699,646,3.2,105,5021,0,1,0,Credit Card,Education,27100,20.09,0.212,1.144,0.381,1
CUST100047,47,Student,0,15000,698,5.1,154,3399,0,0,0,Personal Loan,Home Improvement,25400,11.74,0.227,1.693,0.564,1
CUST100048,39,Employed,17.4,23955,542,4.6,422,4766,0,0,0,Credit Card,Business,33300,21.39,0.199,1.39,0.463,0
CUST100049,18,Employed,0,48420,636,0.7,12,20570,0,0,0,Line of Credit,Business,41600,12.71,0.425,0.859,0.286,0
CUST100050,38,Employed,7.8,47368,659,1.1,15,10330,0,0,0,Line of Credit,Education,37600,9.95,0.218,0.794,0.265,1
CUST100051,30,Employed,10.8,60218,719,10.8,1120,20999,0,1,0,Line of Credit,Debt Consolidation,40800,9.41,0.349,0.678,0.226,1
CUST100052,26,Employed,4.7,49924,675,6.4,333,7730,0,0,0,Credit Card,Debt Consolidation,47000,18.99,0.155,0.941,0.314,1
CUST100053,42,Employed,19.3,49881,620,17.9,17865,8324,0,0,0,Credit Card,Medical,10000,20.46,0.167,0.2,0.067,1
CUST100054,47,Self-Employed,4.2,172243,820,3.3,85551,10893,0,0,0,Line of Credit,Business,41700,6.31,0.063,0.242,0.081,1
CUST100055,46,Self-Employed,3.6,148299,734,0.1,138,69079,0,0,0,Credit Card,Education,70000,15.86,0.466,0.472,0.157,1
CUST100056,24,Employed,2.1,34736,594,0.4,29,2283,0,2,0,Credit Card,Education,43600,22.43,0.066,1.255,0.418,0
CUST100057,31,Employed,8.8,46820,550,5.9,316,17814,0,0,0,Credit Card,Business,9700,21.29,0.38,0.207,0.069,0
CUST100058,38,Employed,3.3,32568,640,10.8,3073,7636,1,1,0,Personal Loan,Education,11400,14.71,0.234,0.35,0.117,0
CUST100059,46,Employed,1.8,50953,709,17.9,9578,9420,0,1,0,Line of Credit,Debt Consolidation,16300,7.82,0.185,0.32,0.107,1
CUST100060,29,Employed,10.7,35025,607,0.4,6,15760,0,2,0,Credit Card,Business,26100,19.02,0.45,0.745,0.248,0
CUST100061,32,Employed,4.1,25546,570,7.4,18406,3482,0,0,0,Personal Loan,Education,20200,15.89,0.136,0.791,0.264,1
CUST100062,21,Employed,1.9,47404,778,0.5,140,16632,0,0,0,Credit Card,Debt Consolidation,47400,15.29,0.351,1,0.333,1
CUST100063,20,Employed,1.3,26639,485,1.5,207,10305,0,0,0,Personal Loan,Home Improvement,16000,15.16,0.387,0.601,0.2,0
CUST100064,44,Employed,1,36482,681,1.7,47,3615,0,0,0,Line of Credit,Education,23700,9.97,0.099,0.65,0.217,1
CUST100065,51,Employed,18.7,34543,592,30,52072,6288,0,0,1,Credit Card,Business,23000,22.49,0.182,0.666,0.222,0
CUST100066,34,Employed,3.2,87591,681,7.8,325,31229,0,1,0,Credit Card,Personal,21000,17.93,0.357,0.24,0.08,1
CUST100067,47,Employed,2.6,34455,774,24.5,3635,7696,0,1,0,Credit Card,Education,46700,14.68,0.223,1.355,0.452,1
CUST100068,39,Employed,8.3,37923,595,18.5,895,20363,0,0,0,Personal Loan,Debt Consolidation,48300,16.66,0.537,1.274,0.425,0
CUST100069,27,Employed,7.1,61606,675,4.3,1039,4719,0,0,0,Line of Credit,Home Improvement,23400,10.67,0.077,0.38,0.127,1
CUST100070,39,Employed,20.4,31003,702,0.9,104,6705,0,0,0,Line of Credit,Personal,8600,8.1,0.216,0.277,0.092,1
CUST100071,53,Employed,17.3,57938,697,10,8553,38346,0,0,0,Credit Card,Personal,59100,18.67,0.662,1.02,0.34,0
CUST100072,34,Employed,14.2,63302,649,13.7,8611,17651,0,0,0,Personal Loan,Medical,56300,14.8,0.279,0.889,0.296,1
CUST100073,53,Employed,33.1,43747,702,26.7,642,7077,0,0,0,Personal Loan,Medical,38100,11.28,0.162,0.871,0.29,1
CUST100074,18,Employed,0,15000,613,1.9,59,6782,0,1,0,Personal Loan,Personal,9600,14.93,0.452,0.64,0.213,0
CUST100075,44,Employed,3.8,,714,6.6,552,20939,0,0,0,Line of Credit,Business,42600,8.11,0.399,0.812,0.271,0
CUST100076,36,Employed,5.6,15000,615,0.9,42,2352,0,0,0,Credit Card,Home Improvement,800,19.44,0.157,0.053,0.018,1
CUST100077,31,Employed,5,17124,595,12.8,342,2153,0,0,0,Credit Card,Medical,20700,21.79,0.126,1.209,0.403,0
CUST100078,36,Employed,8.2,60707,569,13.1,1319,10760,0,1,0,Credit Card,Debt Consolidation,7400,22.05,0.177,0.122,0.041,0
CUST100079,18,Self-Employed,1,72070,546,0.6,25,11549,0,0,0,Line of Credit,Education,26500,13.09,0.16,0.368,0.123,1
CUST100080,32,Employed,9,39663,612,11.9,1288,20369,0,4,0,Line of Credit,Personal,16700,12.65,0.514,0.421,0.14,0
CUST100081,39,Employed,11.4,70053,742,1.5,439,22131,0,0,0,Credit Card,Education,58700,16.05,0.316,0.838,0.279,1
CUST100082,52,Employed,7.8,63670,588,7.1,5227,10764,0,0,1,Personal Loan,Home Improvement,12400,16.07,0.169,0.195,0.065,0
CUST100083,28,Employed,3.6,47789,643,2.5,2169,8286,0,0,0,Personal Loan,Medical,14500,13.09,0.173,0.303,0.101,1
CUST100084,25,Employed,2.9,28457,572,0.7,57,10323,0,1,0,Line of Credit,Education,26600,14.18,0.363,0.935,0.312,0
CUST100085,28,Employed,6.6,84255,596,9.8,878,33977,0,1,0,Credit Card,Personal,2500,22.41,0.403,0.03,0.01,0
CUST100086,45,Employed,3.8,26104,733,15.5,394,3965,0,0,0,Line of Credit,Medical,17900,9.04,0.152,0.686,0.229,1
CUST100087,38,Employed,4.8,,626,4.4,34216,26515,0,1,0,Line of Credit,Debt Consolidation,18000,11.94,0.264,0.179,0.06,0
CUST100088,28,Self-Employed,2.4,68946,563,9.6,10665,14467,0,0,0,Credit Card,Education,54800,21.97,0.21,0.795,0.265,1
CUST100089,41,Student,1,15089,677,5.2,71,5207,0,0,0,Credit Card,Personal,1500,18.12,0.345,0.099,0.033,1
CUST100090,36,Employed,13.6,84881,671,16.5,624,15127,0,0,0,Personal Loan,Medical,100000,12.25,0.178,1.178,0.393,1
CUST100091,46,Self-Employed,20.4,53989,707,2,111,7935,0,1,0,Personal Loan,Personal,22200,10.96,0.147,0.411,0.137,1
CUST100092,26,Employed,5.9,23965,620,3,310,8363,0,2,0,Personal Loan,Education,19700,13.82,0.349,0.822,0.274,1
CUST100093,31,Employed,9.7,15000,656,3,8833,2723,0,0,0,Personal Loan,Medical,22100,12.07,0.182,1.473,0.491,1
CUST100094,30,Employed,2.9,41520,658,1.7,1580,8858,0,0,0,Credit Card,Debt Consolidation,38500,17.14,0.213,0.927,0.309,0
CUST100095,18,Student,1.8,51991,632,1,148,14715,0,0,0,Credit Card,Education,5200,20.98,0.283,0.1,0.033,1
CUST100096,38,Employed,1.1,51546,566,7,5034,10013,0,1,0,Personal Loan,Medical,22700,16.23,0.194,0.44,0.147,0
CUST100097,38,Employed,10.8,48764,587,2.5,1189,8547,1,3,0,Credit Card,Home Improvement,48100,22.48,0.175,0.986,0.329,0
CUST100098,35,Self-Employed,2.1,78772,601,11,4079,11152,0,1,0,Personal Loan,Business,54100,13.28,0.142,0.687,0.229,1
CUST100099,32,Employed,8.4,40224,671,11.7,292,19103,0,0,0,Credit Card,Personal,38800,17.03,0.475,0.965,0.322,1
CUST100100,18,Employed,0,,640,0.7,68,6127,0,0,0,Credit Card,Personal,900,19.58,0.302,0.044,0.015,1
CUST100101,29,Self-Employed,4.8,23719,580,6.7,4338,3987,1,1,0,Credit Card,Education,31100,22.42,0.168,1.311,0.437,0
CUST100102,30,Employed,0.4,32703,640,0.4,51,12283,0,0,0,Credit Card,Medical,26500,20.97,0.376,0.81,0.27,0
CUST100103,25,Employed,1.2,25673,662,3.2,249,10494,0,0,0,Line of Credit,Medical,10300,10.68,0.409,0.401,0.134,1
CUST100104,33,Employed,11.3,61216,644,3.3,377,5894,0,0,0,Personal Loan,Medical,92500,13.56,0.096,1.511,0.504,0
CUST100105,39,Employed,6.4,45153,703,2.4,612,17032,0,0,1,Personal Loan,Education,75900,10.88,0.377,1.681,0.56,1
CUST100106,57,Self-Employed,26.6,116531,647,27.2,241834,26197,0,1,0,Credit Card,Business,45700,19.32,0.225,0.392,0.131,1
CUST100107,37,Student,0.2,,678,11.4,3140,3430,0,0,0,Line of Credit,Home Improvement,6700,10.94,0.229,0.447,0.149,1
CUST100108,38,Employed,10.6,32304,611,5.3,436,11166,0,1,0,Line of Credit,Home Improvement,16600,11.36,0.346,0.514,0.171,1
CUST100109,34,Employed,14.8,49400,633,15.5,1282,24497,0,0,0,Line of Credit,Business,16300,11.28,0.496,0.33,0.11,0
CUST100110,18,Employed,0,15000,630,0.1,3,3083,0,1,0,Personal Loan,Home Improvement,5800,14.28,0.206,0.387,0.129,0
CUST100111,34,Employed,5.2,26957,743,7.7,8220,10988,0,0,0,Personal Loan,Education,48300,11.01,0.408,1.792,0.597,1
CUST100112,35,Employed,16.4,74749,664,14.9,4204,27932,0,0,0,Credit Card,Personal,70000,17.69,0.374,0.936,0.312,1
CUST100113,64,Self-Employed,13.3,79988,659,22.2,3835,21478,0,0,0,Credit Card,Medical,15700,17.2,0.269,0.196,0.065,1
CUST100114,32,Self-Employed,7.3,25622,638,2.8,71,2670,0,0,0,Personal Loan,Education,5600,14.34,0.104,0.219,0.073,1
CUST100115,38,Employed,18.4,39184,684,19.5,4115,8599,0,0,0,Personal Loan,Personal,62100,11.29,0.219,1.585,0.528,1
CUST100116,34,Employed,0.2,57880,635,12,4071,9813,0,0,0,Personal Loan,Personal,53200,14.39,0.17,0.919,0.306,1
CUST100117,20,Employed,1.1,26435,641,0.8,18,5658,0,0,0,Personal Loan,Debt Consolidation,31300,13.1,0.214,1.184,0.395,0
CUST100118,48,Employed,21.4,79056,612,5.5,357,22328,0,1,0,Credit Card,Debt Consolidation,11600,20.89,0.282,0.147,0.049,1
CUST100119,44,Student,0.8,,714,10.4,172,7864,0,0,0,Credit Card,Debt Consolidation,2100,16.42,0.378,0.101,0.034,1
CUST100120,44,Employed,17.5,103052,641,9.5,14565,21353,0,0,0,Line of Credit,Debt Consolidation,42600,11.01,0.207,0.413,0.138,1
CUST100121,24,Employed,4.8,20874,601,1,26,5259,0,0,0,Personal Loan,Personal,20000,14.71,0.252,0.958,0.319,1
CUST100122,51,Self-Employed,9.8,47304,657,25.1,2868,12139,0,0,0,Personal Loan,Medical,53200,11.05,0.257,1.125,0.375,1
CUST100123,18,Employed,0,22236,564,1.6,11,13003,0,0,0,Credit Card,Education,27400,21.06,0.585,1.232,0.411,0
CUST100124,42,Employed,2.1,63925,735,15.5,25375,5041,0,0,0,Credit Card,Education,2700,16.44,0.079,0.042,0.014,1
CUST100125,61,Employed,38.2,246598,702,9.2,2489,81525,0,0,0,Credit Card,Business,70000,15.9,0.331,0.284,0.095,1
CUST100126,23,Student,0.1,15000,617,2.7,79,716,0,1,0,Credit Card,Education,1500,20.97,0.048,0.1,0.033,1
CUST100127,28,Self-Employed,3.4,134440,641,4.7,1893,7238,0,0,0,Credit Card,Debt Consolidation,60500,20.71,0.054,0.45,0.15,0
CUST100128,36,Employed,9.6,76486,652,13.7,11903,19387,0,0,0,Credit Card,Home Improvement,70000,18.94,0.253,0.915,0.305,1
CUST100129,28,Employed,1.4,43149,654,1.2,5764,18969,0,0,0,Personal Loan,Home Improvement,57800,12.55,0.44,1.34,0.447,0
CUST100130,18,Employed,0,,670,0.4,13,2077,0,0,0,Credit Card,Business,23900,17.44,0.09,1.033,0.344,0
CUST100131,35,Employed,5,29272,657,6.8,43,13669,0,0,1,Credit Card,Debt Consolidation,25800,18.98,0.467,0.881,0.294,0
CUST100132,22,Employed,3.2,45904,592,2,285,17642,0,0,0,Credit Card,Home Improvement,52200,21.49,0.384,1.137,0.379,0
CUST100133,40,Employed,18.1,66046,623,15.3,4843,7718,0,1,0,Personal Loan,Personal,100000,13.15,0.117,1.514,0.505,1
CUST100134,23,Employed,2.2,15177,698,3,11,2128,0,0,0,Personal Loan,Education,5400,12.46,0.14,0.356,0.119,1
CUST100135,53,Employed,15.2,132904,484,24.3,3873,31171,0,2,0,Personal Loan,Home Improvement,100000,15.95,0.235,0.752,0.251,1
CUST100136,25,Employed,0.5,31555,569,5.4,750,6842,0,0,0,Personal Loan,Debt Consolidation,25800,16.46,0.217,0.818,0.273,0
CUST100137,31,Employed,4.6,16069,440,4.6,113,4414,0,1,0,Line of Credit,Business,6300,14.82,0.275,0.392,0.131,0
CUST100138,44,Employed,10.5,97803,727,0.5,75,32371,0,0,0,Credit Card,Business,70000,15.67,0.331,0.716,0.239,1
CUST100139,20,Self-Employed,1,48503,655,1.9,294,9667,0,0,0,Credit Card,Education,27500,17.2,0.199,0.567,0.189,1
CUST100140,37,Self-Employed,7.3,41531,784,8.2,836,14306,0,0,0,Credit Card,Personal,11900,15.08,0.344,0.287,0.096,1
CUST100141,50,Self-Employed,3.5,170371,677,2.6,103,41781,0,0,0,Credit Card,Home Improvement,3600,17.66,0.245,0.021,0.007,1
CUST100142,18,Employed,0,22404,490,1.8,34,10023,0,1,2,Line of Credit,Personal,18600,14.29,0.447,0.83,0.277,0
CUST100143,37,Employed,8.2,49011,669,8.4,132,26871,0,0,0,Line of Credit,Business,23600,9.44,0.548,0.482,0.161,0
CUST100144,38,Student,0.8,17861,576,0.8,628,8543,0,0,1,Line of Credit,Personal,6900,13.9,0.478,0.386,0.129,0
CUST100145,44,Employed,3.7,116002,612,20.6,842,39433,0,1,0,Personal Loan,Education,100000,13.93,0.34,0.862,0.287,1
CUST100146,20,Employed,1.3,40582,548,1.5,6042,3140,0,0,0,Line of Credit,Personal,19300,13.47,0.077,0.476,0.159,0
CUST100147,19,Employed,0.1,25197,622,0.5,24,6888,0,2,0,Credit Card,Home Improvement,24200,19.5,0.273,0.96,0.32,0
CUST100148,41,Employed,0.1,26189,697,3.8,211,4149,0,0,0,Credit Card,Education,23200,18.37,0.158,0.886,0.295,1
CUST100149,38,Student,1.2,26736,596,7.6,1296,5468,0,1,1,Personal Loan,Personal,20400,15.47,0.205,0.763,0.254,0
CUST100150,38,Employed,1.7,62939,651,10.5,310,15270,1,3,0,Credit Card,Debt Consolidation,18600,18.22,0.243,0.296,0.099,0
CUST100151,39,Employed,1.3,55353,641,14.3,226,29460,0,0,0,Credit Card,Personal,20000,20.87,0.532,0.361,0.12,0
CUST100152,26,Student,0.2,16409,653,7.5,550,4709,0,0,0,Personal Loan,Personal,5900,11.8,0.287,0.36,0.12,1
CUST100153,37,Employed,17.8,63252,584,1,309,22821,0,0,0,Personal Loan,Education,100000,15.47,0.361,1.581,0.527,0
CUST100154,38,Employed,2.1,60706,600,4.5,642,21034,0,2,0,Line of Credit,Business,17300,11.26,0.346,0.285,0.095,0
CUST100155,26,Employed,6.7,49978,555,6.4,143,12337,0,0,0,Personal Loan,Home Improvement,87500,15.32,0.247,1.751,0.584,0
CUST100156,57,Self-Employed,23.5,68032,599,13.8,331,23373,0,1,0,Line of Credit,Debt Consolidation,20000,14.78,0.344,0.294,0.098,0
CUST100157,40,Employed,18.5,59009,704,16,2285,4832,0,1,0,Credit Card,Education,4500,16.97,0.082,0.076,0.025,1
CUST100158,20,Employed,1.2,23972,708,0.7,71,5404,0,0,0,Line of Credit,Business,17000,8.64,0.225,0.709,0.236,1
CUST100159,42,Employed,3.7,86164,685,10.2,4052,17429,0,0,0,Personal Loan,Personal,66700,12.94,0.202,0.774,0.258,1
CUST100160,23,Student,1.5,15000,638,1.9,6,2320,0,0,0,Line of Credit,Medical,5000,12.27,0.155,0.333,0.111,1
CUST100161,44,Employed,14.7,,606,11.2,8217,9506,0,0,0,Line of Credit,Personal,16600,11.44,0.194,0.338,0.113,1
CUST100162,48,Employed,17,36365,622,20.9,497,18104,0,1,0,Credit Card,Home Improvement,39500,20.92,0.498,1.086,0.362,0
CUST100163,25,Self-Employed,2.2,90904,647,6.8,2834,20755,0,1,0,Credit Card,Home Improvement,70000,19.41,0.228,0.77,0.257,1
CUST100164,46,Self-Employed,4.4,115384,812,2.6,1013,19821,0,0,0,Personal Loan,Debt Consolidation,100000,8.52,0.172,0.867,0.289,1
CUST100165,39,Employed,6.1,28126,616,17.7,2160,12278,0,0,0,Credit Card,Home Improvement,10200,20.25,0.437,0.363,0.121,1
CUST100166,44,Self-Employed,21.9,91581,637,4.3,2207,36304,0,1,0,Line of Credit,Business,38600,12.3,0.396,0.421,0.14,0
CUST100167,57,Employed,34.1,67706,660,26.6,6401,4176,0,0,0,Line of Credit,Personal,29100,9.58,0.062,0.43,0.143,1
CUST100168,32,Employed,5,21294,638,1.1,483,4083,0,1,0,Personal Loan,Business,37700,13.01,0.192,1.77,0.59,0
CUST100169,25,Employed,6.9,43332,641,6,424,6100,0,1,0,Personal Loan,Debt Consolidation,18300,13.6,0.141,0.422,0.141,0
CUST100170,24,Employed,0.4,53349,675,0.6,46,8840,0,0,0,Credit Card,Business,48700,17.68,0.166,0.913,0.304,1
CUST100171,25,Employed,2.4,,641,6,226,7434,0,0,0,Credit Card,Personal,7000,19.26,0.253,0.239,0.08,1
CUST100172,34,Employed,8.9,43738,614,0.3,469,19176,0,2,0,Personal Loan,Education,52900,14.16,0.438,1.209,0.403,0
CUST100173,39,Employed,13,38050,658,4,361,12487,0,0,0,Line of Credit,Education,11900,10.3,0.328,0.313,0.104,1
CUST100174,38,Self-Employed,13.1,15000,628,3.9,92,2862,0,1,0,Line of Credit,Medical,6800,12.76,0.191,0.453,0.151,0
CUST100175,44,Employed,19.2,,687,1.4,100,27569,0,1,0,Credit Card,Education,2600,18,0.566,0.053,0.018,0
CUST100176,35,Employed,11.7,38327,649,7,1588,15569,1,0,0,Personal Loan,Personal,55700,13.95,0.406,1.453,0.484,0
CUST100177,52,Employed,33.1,41742,650,19.6,936,13388,0,0,0,Personal Loan,Debt Consolidation,31000,11.57,0.321,0.743,0.248,1
CUST100178,31,Employed,7.8,,722,4.1,73,7603,0,0,0,Line of Credit,Personal,5100,8.12,0.507,0.34,0.113,0
CUST100179,67,Student,0,15841,676,1.2,443,951,1,4,0,Personal Loan,Business,30800,11.68,0.06,1.944,0.648,0
CUST100180,42,Employed,14.8,35161,701,6.7,428,5007,0,0,0,Personal Loan,Personal,7500,10.02,0.142,0.213,0.071,1
CUST100181,24,Self-Employed,1.8,63456,689,4.5,80,8131,0,0,0,Credit Card,Education,27700,17.61,0.128,0.437,0.146,1
CUST100182,22,Employed,3.7,33721,605,3.4,73,2150,0,1,0,Line of Credit,Business,17700,12.55,0.064,0.525,0.175,0
CUST100183,40,Employed,8.6,15000,619,8.9,63,2278,0,2,1,Personal Loan,Personal,2900,13.87,0.152,0.193,0.064,1
CUST100184,32,Employed,0.7,21625,564,7.2,109,12810,1,1,3,Line of Credit,Education,7200,13.6,0.592,0.333,0.111,0
CUST100185,43,Employed,3.2,53165,710,22.4,2370,11360,0,0,0,Credit Card,Education,45000,16.73,0.214,0.846,0.282,1
CUST100186,40,Self-Employed,16.4,87153,747,21.9,340,51607,0,0,0,Personal Loan,Medical,100000,9.53,0.592,1.147,0.382,0
CUST100187,34,Self-Employed,11.5,24398,652,4.1,1195,491,0,0,0,Personal Loan,Medical,23500,11.28,0.02,0.963,0.321,1
CUST100188,24,Self-Employed,1.2,80393,688,2.7,83,41532,0,0,0,Line of Credit,Personal,25000,9.82,0.517,0.311,0.104,0
CUST100189,18,Student,1.4,21219,650,1.2,9,6773,0,0,0,Credit Card,Home Improvement,1200,17.88,0.319,0.057,0.019,1
CUST100190,29,Employed,5.2,31595,534,4.3,22,8632,0,1,0,Line of Credit,Personal,12700,14.33,0.273,0.402,0.134,0
CUST100191,45,Self-Employed,14.3,44947,637,26.6,5187,11456,0,0,0,Line of Credit,Personal,35300,12.84,0.255,0.785,0.262,1
CUST100192,37,Employed,1,26366,620,11.1,4060,6650,0,0,0,Credit Card,Debt Consolidation,33300,20.66,0.252,1.263,0.421,0
CUST100193,20,Employed,1.9,32967,628,1,15,8860,0,1,0,Line of Credit,Personal,8300,12.2,0.269,0.252,0.084,1
CUST100194,37,Employed,9,38200,619,0.3,56,10970,0,1,0,Line of Credit,Personal,25100,11.54,0.287,0.657,0.219,1
CUST100195,39,Employed,16.2,23935,668,0.6,128,11418,0,0,0,Line of Credit,Personal,21500,9.82,0.477,0.898,0.299,0
CUST100196,24,Employed,3.1,36407,623,0.6,283,12804,0,1,0,Credit Card,Business,35000,19.2,0.352,0.961,0.32,1
CUST100197,36,Employed,15.4,27834,631,6.2,393,3211,0,0,0,Personal Loan,Debt Consolidation,3400,13.29,0.115,0.122,0.041,1
CUST100198,35,Employed,10.8,54382,709,7,57393,6832,0,0,0,Line of Credit,Medical,16100,8.07,0.126,0.296,0.099,1
CUST100199,21,Employed,1,55491,590,1.5,232,22207,0,1,3,Credit Card,Business,60900,21.08,0.4,1.097,0.366,0
CUST100200,39,Employed,10.5,84435,633,9.7,2754,17832,0,0,0,Credit Card,Personal,70000,20.52,0.211,0.829,0.276,1
CUST100201,41,Self-Employed,15.2,74102,687,11.3,1873,22073,0,1,0,Personal Loan,Business,5100,12.22,0.298,0.069,0.023,1
CUST100202,47,Employed,7.8,46386,653,6.7,3769,9579,0,1,0,Personal Loan,Personal,78200,11.03,0.207,1.686,0.562,1
CUST100203,47,Employed,22.8,55026,583,5.3,922,19817,1,1,1,Credit Card,Home Improvement,13800,21.25,0.36,0.251,0.084,0
CUST100204,18,Employed,0,,603,1.7,226,8729,0,0,0,Line of Credit,Education,7000,11.57,0.366,0.294,0.098,1
CUST100205,23,Self-Employed,1,165877,615,4.1,3986,4810,0,1,0,Personal Loan,Home Improvement,76900,14.28,0.029,0.464,0.155,0
CUST100206,41,Employed,19.9,53764,639,11.2,2230,4255,0,0,0,Line of Credit,Education,16700,12.6,0.079,0.311,0.104,1
CUST100207,41,Employed,12,39206,657,20.3,198,9962,0,2,0,Credit Card,Medical,4200,17.18,0.254,0.107,0.036,1
CUST100208,41,Self-Employed,17.7,33298,617,12.7,1486,18521,0,1,0,Credit Card,Business,2700,20.43,0.556,0.081,0.027,0
CUST100209,70,Employed,0.4,38886,624,23.1,4012,22258,0,0,0,Credit Card,Personal,27200,19.92,0.572,0.699,0.233,0
CUST100210,41,Employed,19.8,35417,598,0.5,368,6408,0,1,0,Credit Card,Personal,10100,21.83,0.181,0.285,0.095,0
CUST100211,48,Employed,23.1,86280,679,16.5,270980,21279,0,1,0,Credit Card,Personal,70000,18.31,0.247,0.811,0.27,1
CUST100212,46,Employed,18.5,33775,702,13.9,1289,9841,0,0,0,Credit Card,Personal,11200,17.22,0.291,0.332,0.111,1
CUST100213,42,Self-Employed,12.4,49203,637,3,1307,11398,0,0,0,Personal Loan,Medical,9200,14.8,0.232,0.187,0.062,1
CUST100214,31,Student,1.2,30691,583,5.2,161,19932,0,0,0,Credit Card,Personal,3100,21.13,0.649,0.101,0.034,0
CUST100215,44,Self-Employed,18.6,31974,646,5.6,820,13874,0,0,0,Credit Card,Personal,36500,19.03,0.434,1.142,0.381,0
CUST100216,25,Employed,7,37286,615,4.5,683,17408,0,2,0,Personal Loan,Business,9100,14.17,0.467,0.244,0.081,0
CUST100217,32,Employed,6.5,,641,5.3,516,23885,0,1,0,Personal Loan,Debt Consolidation,35600,13.73,0.615,0.917,0.306,0
CUST100218,29,Employed,6.2,29605,674,9.9,194,9898,0,0,0,Credit Card,Home Improvement,17800,17.54,0.334,0.601,0.2,1
CUST100219,35,Self-Employed,3.2,126202,714,16.2,6166,10622,0,0,0,Personal Loan,Home Improvement,90300,10.98,0.084,0.716,0.239,1
CUST100220,62,Employed,15.7,65641,669,14.5,387,20545,0,0,0,Credit Card,Education,49100,17.65,0.313,0.748,0.249,1
CUST100221,18,Student,0.3,17893,723,1.1,18,1245,0,0,0,Credit Card,Business,1800,15.65,0.07,0.101,0.034,1
CUST100222,43,Employed,0.3,78525,761,16.2,80,15963,0,0,0,Personal Loan,Business,80100,9.12,0.203,1.02,0.34,1
CUST100223,18,Employed,0,37357,720,1.5,17,14591,0,0,0,Credit Card,Home Improvement,49100,16.51,0.391,1.314,0.438,0
CUST100224,29,Employed,3.4,50149,558,9.6,671,34228,0,0,0,Personal Loan,Education,58700,16.9,0.683,1.171,0.39,0
CUST100225,48,Self-Employed,22.8,33296,667,6.4,196,10098,0,1,0,Line of Credit,Medical,14900,9.18,0.303,0.448,0.149,1
CUST100226,35,Employed,8.4,15000,705,8.9,265,3954,0,0,0,Personal Loan,Home Improvement,13600,10.87,0.264,0.907,0.302,1
CUST100227,22,Employed,3.2,52767,630,0.8,261,36576,0,0,0,Personal Loan,Business,47200,13.38,0.693,0.894,0.298,0
CUST100228,26,Self-Employed,2.3,,631,4.7,149,15590,0,0,0,Personal Loan,Personal,100000,14.06,0.11,0.703,0.234,1
CUST100229,43,Employed,20.8,23079,685,4.6,653,11119,0,0,0,Personal Loan,Debt Consolidation,34600,12.24,0.482,1.499,0.5,0
CUST100230,26,Employed,6.8,77948,640,2.9,316,14432,0,0,0,Line of Credit,Business,44300,12.19,0.185,0.568,0.189,0
CUST100231,37,Employed,8.9,55067,574,9.9,12318,16598,0,0,1,Credit Card,Medical,70000,22.88,0.301,1.271,0.424,0
CUST100232,35,Student,1.9,15000,603,6.3,149,3345,0,0,0,Credit Card,Home Improvement,1500,19.54,0.223,0.1,0.033,1
CUST100233,27,Student,0.6,18383,643,5.4,1669,5720,0,0,1,Credit Card,Home Improvement,1800,19.37,0.311,0.098,0.033,1
CUST100234,60,Employed,15,56546,698,20.9,1676,7807,0,0,0,Personal Loan,Personal,31100,11.31,0.138,0.55,0.183,1
CUST100235,42,Employed,11.4,40367,490,17,3986,8248,0,1,0,Credit Card,Personal,29300,21.22,0.204,0.726,0.242,1
CUST100236,18,Employed,0,32762,538,0.3,30,5450,0,0,0,Line of Credit,Education,17300,13.25,0.166,0.528,0.176,0
CUST100237,37,Employed,7.6,40367,716,3.8,109,9943,0,0,0,Line of Credit,Business,16700,8.45,0.246,0.414,0.138,1
CUST100238,27,Employed,0.8,24370,581,1.9,101,3795,0,2,0,Personal Loan,Business,33100,16.26,0.156,1.358,0.453,0
CUST100239,45,Employed,0.1,122926,785,23.9,4700,25036,0,0,0,Personal Loan,Education,38600,9.74,0.204,0.314,0.105,1
CUST100240,25,Self-Employed,2.7,92452,706,3.5,1953,15648,0,0,0,Credit Card,Personal,28200,16.38,0.169,0.305,0.102,1
CUST100241,33,Student,1.3,15000,657,11.4,278,3445,0,0,0,Personal Loan,Personal,7000,12.75,0.23,0.467,0.156,1
CUST100242,41,Self-Employed,4.1,87041,665,19.5,3496,20795,0,0,0,Credit Card,Home Improvement,47300,17.77,0.239,0.543,0.181,1
CUST100243,45,Employed,24.4,42377,685,25.6,7223,16640,0,0,0,Personal Loan,Personal,55300,12.41,0.393,1.305,0.435,1
CUST100244,20,Self-Employed,1,79335,682,0.1,7,15216,0,0,0,Credit Card,Education,34800,17.61,0.192,0.439,0.146,1
CUST100245,30,Employed,9.2,69147,525,3.7,995,8104,0,2,0,Credit Card,Home Improvement,12000,22.88,0.117,0.174,0.058,0
CUST100246,29,Employed,4.9,42640,566,3.9,533,5463,1,1,2,Line of Credit,Home Improvement,7400,14.09,0.128,0.174,0.058,0
CUST100247,27,Employed,6.8,65029,690,2.5,1039,18959,0,0,0,Personal Loan,Education,69700,11.57,0.292,1.072,0.357,1
CUST100248,56,Self-Employed,18.6,143949,676,13,1428,47565,0,0,0,Personal Loan,Home Improvement,25900,11.75,0.33,0.18,0.06,1
CUST100249,39,Employed,15.4,46909,689,20.8,548,3787,0,0,0,Credit Card,Education,33300,17.19,0.081,0.71,0.237,1
CUST100250,19,Self-Employed,1,168984,649,0.3,6,73719,0,0,0,Credit Card,Business,9800,19.36,0.436,0.058,0.019,0
CUST100251,46,Employed,15,28221,572,16.6,5414,2796,0,0,1,Personal Loan,Business,52000,15.74,0.099,1.843,0.614,0
CUST100252,60,Employed,1.4,90611,747,5.4,357,5792,0,0,1,Personal Loan,Business,100000,10.13,0.064,1.104,0.368,0
CUST100253,47,Employed,4.7,49722,670,15.1,20262,18482,0,0,0,Credit Card,Home Improvement,21700,17.89,0.372,0.436,0.145,1
CUST100254,18,Employed,0,36269,538,1.5,254,15601,0,0,0,Credit Card,Education,13800,21.49,0.43,0.38,0.127,1
CUST100255,29,Self-Employed,4.9,85438,737,9.6,476,14945,0,0,0,Credit Card,Home Improvement,15500,16.05,0.175,0.181,0.06,1
CUST100256,50,Employed,26.5,94072,710,3.1,414,4406,0,0,0,Credit Card,Personal,55400,16.28,0.047,0.589,0.196,1
CUST100257,26,Employed,4.5,34517,728,6.7,216,18150,0,0,0,Credit Card,Home Improvement,17700,16.39,0.526,0.513,0.171,0
CUST100258,40,Employed,9.5,103871,594,8.9,1188,26018,0,1,0,Personal Loan,Education,59500,15.47,0.25,0.573,0.191,0
CUST100259,44,Employed,21.2,59987,696,8.7,8837,5738,0,0,0,Credit Card,Education,68400,17.87,0.096,1.14,0.38,1
CUST100260,23,Employed,0.2,25520,489,2.5,80,4577,0,0,1,Personal Loan,Personal,9900,15.96,0.179,0.388,0.129,0
CUST100261,34,Employed,11,45694,625,14.9,606,15783,0,1,0,Personal Loan,Home Improvement,28100,13.98,0.345,0.615,0.205,1
CUST100262,18,Student,1.2,20943,671,0.7,37,4823,0,0,0,Credit Card,Debt Consolidation,2100,17.57,0.23,0.1,0.033,1
CUST100263,22,Self-Employed,1,20338,627,3.4,1473,10590,0,0,0,Personal Loan,Home Improvement,35500,13.91,0.521,1.746,0.582,0
CUST100264,31,Employed,4.4,33662,588,6.8,1133,10567,0,0,0,Credit Card,Personal,39600,21.89,0.314,1.176,0.392,0
CUST100265,20,Employed,1,51514,503,1.5,797,30053,0,0,0,Line of Credit,Personal,31500,14.21,0.583,0.611,0.204,0
CUST100266,54,Employed,1.2,65559,746,22.3,4793,20158,0,0,0,Credit Card,Personal,70000,15.61,0.307,1.068,0.356,1
CUST100267,18,Self-Employed,1,104148,597,0.6,355,21003,0,0,0,Credit Card,Home Improvement,45400,21.79,0.202,0.436,0.145,0
CUST100268,29,Employed,0.2,50377,647,2.5,144,21509,0,0,0,Line of Credit,Medical,12500,12.18,0.427,0.248,0.083,0
CUST100269,36,Employed,4.9,20041,546,3.5,342,11239,0,2,1,Credit Card,Personal,1700,22.4,0.561,0.085,0.028,0
CUST100270,52,Employed,33.2,69082,700,15,5626,33654,0,0,0,Credit Card,Education,6600,16.6,0.487,0.096,0.032,1
CUST100271,18,Self-Employed,1,67489,601,1.2,325,2467,0,2,0,Credit Card,Business,1500,19.25,0.037,0.022,0.007,0
CUST100272,48,Employed,28.5,60358,645,20.5,3079,14080,0,2,0,Credit Card,Medical,20500,19.19,0.233,0.34,0.113,1
CUST100273,35,Self-Employed,10.7,75946,602,5.4,5505,44078,0,0,0,Personal Loan,Medical,41400,14.76,0.58,0.545,0.182,0
CUST100274,23,Employed,1.3,20105,645,1.7,189,10943,0,0,0,Personal Loan,Debt Consolidation,4700,14.28,0.544,0.234,0.078,0
CUST100275,40,Student,1.9,21473,708,4.5,18,4449,0,0,0,Credit Card,Education,2100,17.37,0.207,0.098,0.033,1
CUST100276,37,Self-Employed,5.2,34362,548,2.6,334,12564,0,0,0,Line of Credit,Medical,6900,13.07,0.366,0.201,0.067,0
CUST100277,27,Self-Employed,2.4,127817,647,6.5,333,10759,0,0,0,Credit Card,Personal,8400,19.94,0.084,0.066,0.022,1
CUST100278,35,Employed,5.2,,646,7.1,1607,6975,0,0,0,Personal Loan,Personal,2800,13.94,0.248,0.1,0.033,1
CUST100279,30,Employed,5.3,63408,689,11.7,412,23376,0,0,1,Credit Card,Personal,10700,18.95,0.369,0.169,0.056,1
CUST100280,36,Student,0.1,15000,722,9.1,2202,4204,0,0,0,Credit Card,Personal,1500,17.01,0.28,0.1,0.033,1
CUST100281,42,Student,1.6,31769,771,18.1,8616,1313,0,0,0,Credit Card,Education,3200,14.76,0.041,0.101,0.034,1
CUST100282,54,Employed,2.9,93245,657,13.3,3456,41924,0,0,0,Credit Card,Personal,70000,18.31,0.45,0.751,0.25,1
CUST100283,20,Employed,1,15000,745,0.3,50,3686,0,0,0,Line of Credit,Personal,6100,9.37,0.246,0.407,0.136,1
CUST100284,60,Employed,2.8,169761,578,8.6,7396,59979,1,0,0,Personal Loan,Education,100000,15.63,0.353,0.589,0.196,0
CUST100285,18,Employed,0,57058,661,0.7,15,11797,0,0,0,Personal Loan,Personal,100000,12.49,0.207,1.753,0.584,0
CUST100286,33,Employed,6.8,129236,586,1.7,2336,37603,1,3,1,Credit Card,Home Improvement,70000,21.93,0.291,0.542,0.181,0
CUST100287,42,Employed,0,33419,693,0.5,60,4395,0,0,0,Personal Loan,Business,64800,11.19,0.132,1.939,0.646,0
CUST100288,38,Employed,8.6,36542,586,7.1,1576,8128,1,0,1,Personal Loan,Business,72100,15.53,0.222,1.973,0.658,0
CUST100289,27,Employed,3.3,15000,678,6.8,954,8589,0,0,0,Credit Card,Education,6900,17.87,0.573,0.46,0.153,0
CUST100290,32,Student,1.8,19581,649,3.9,43,388,0,0,0,Personal Loan,Personal,34400,14.45,0.02,1.757,0.586,0
CUST100291,29,Employed,6.6,21972,571,8.8,156,9427,1,1,0,Credit Card,Education,18700,21.1,0.429,0.851,0.284,0
CUST100292,27,Employed,7.4,50824,598,6.9,557,6143,0,1,1,Line of Credit,Business,13000,14.02,0.121,0.256,0.085,0
CUST100293,45,Student,0.3,59821,736,14.9,229,35486,0,0,0,Personal Loan,Medical,30700,11.12,0.593,0.513,0.171,0
CUST100294,39,Employed,2.7,20053,674,12.5,978,3860,0,0,0,Credit Card,Personal,3700,18.24,0.192,0.185,0.062,1
CUST100295,26,Employed,1.5,69362,631,0,0,6944,0,0,0,Credit Card,Personal,69000,19.31,0.1,0.995,0.332,0
CUST100296,45,Employed,25.5,38018,611,8.3,1179,7776,0,1,1,Credit Card,Debt Consolidation,45000,20.3,0.205,1.184,0.395,0
CUST100297,38,Employed,2,48370,635,15.8,5658,10191,0,1,0,Line of Credit,Medical,18200,11.69,0.211,0.376,0.125,1
CUST100298,44,Self-Employed,11.2,61078,745,5.8,4603,22505,0,0,0,Credit Card,Education,70000,17.12,0.368,1.146,0.382,1
CUST100299,42,Employed,1.8,99898,616,17.4,4035,11263,0,4,0,Line of Credit,Business,49500,11.84,0.113,0.496,0.165,0
CUST100300,25,Employed,5.3,51102,823,5.7,2710,8806,0,0,0,Line of Credit,Business,21700,7.7,0.172,0.425,0.142,1
CUST100301,28,Employed,3.8,41837,679,8.6,1472,4225,0,1,0,Credit Card,Personal,53600,18.55,0.101,1.281,0.427,1
CUST100302,43,Employed,15.3,47752,642,12.7,299,14875,0,0,0,Credit Card,Personal,50300,19.98,0.312,1.053,0.351,1
CUST100303,42,Employed,1.7,91512,646,4.7,248,18030,0,1,0,Personal Loan,Education,83200,14.12,0.197,0.909,0.303,1
CUST100304,34,Employed,6.9,20804,583,15.3,789,4176,0,0,0,Personal Loan,Medical,23500,16.57,0.201,1.13,0.377,0
CUST100305,36,Student,0.3,18506,601,8.9,1210,4207,0,2,0,Personal Loan,Medical,21700,14.35,0.227,1.173,0.391,0
CUST100306,50,Employed,10.4,54014,687,21.2,529,7391,0,0,0,Credit Card,Education,5200,18.56,0.137,0.096,0.032,1
CUST100307,27,Employed,1.7,31047,751,3.2,1195,6737,0,0,0,Personal Loan,Home Improvement,51700,9.42,0.217,1.665,0.555,1
CUST100308,41,Employed,11.1,46247,594,2.8,807,2017,0,0,0,Credit Card,Business,32800,21.76,0.044,0.709,0.236,0
CUST100309,32,Employed,12.5,76411,693,13.1,271,13751,0,1,1,Personal Loan,Debt Consolidation,69800,11.35,0.18,0.913,0.304,1
CUST100310,32,Employed,5.6,39739,674,4.1,2395,12847,0,0,0,Credit Card,Education,23100,18.86,0.323,0.581,0.194,1
CUST100311,48,Self-Employed,23.6,52914,688,24.7,7610,15256,0,0,0,Credit Card,Education,10900,17.31,0.288,0.206,0.069,1
CUST100312,44,Employed,20.1,80023,698,16.3,2340,34494,0,2,1,Personal Loan,Medical,38400,11.45,0.431,0.48,0.16,1
CUST100313,44,Employed,19.4,77022,570,14.6,4424,48722,0,1,1,Credit Card,Home Improvement,70000,22.01,0.633,0.909,0.303,0
CUST100314,50,Employed,25,71545,786,27.3,11527,31319,1,1,0,Credit Card,Home Improvement,39100,15.79,0.438,0.547,0.182,0
CUST100315,35,Self-Employed,9.5,84018,550,6.8,3146,20868,0,0,0,Personal Loan,Home Improvement,81700,15.58,0.248,0.972,0.324,1
CUST100316,43,Self-Employed,5.1,67521,695,9.5,10605,28154,0,0,0,Line of Credit,Debt Consolidation,26200,9.34,0.417,0.388,0.129,1
CUST100317,31,Self-Employed,7.7,41203,595,8.1,3268,17139,0,1,2,Credit Card,Personal,52600,22.99,0.416,1.277,0.426,0
CUST100318,38,Employed,7.5,34372,571,6.4,261,12911,0,2,1,Personal Loan,Medical,36400,16.53,0.376,1.059,0.353,0
CUST100319,33,Employed,4,15000,655,8.2,30,9548,0,0,0,Personal Loan,Education,7500,13,0.637,0.5,0.167,0
CUST100320,36,Self-Employed,11.8,23934,542,3.4,902,5972,1,0,2,Line of Credit,Education,5000,13.95,0.25,0.209,0.07,0
CUST100321,42,Employed,14.8,114738,620,0.6,844,28437,0,1,0,Credit Card,Debt Consolidation,70000,19.91,0.248,0.61,0.203,0
CUST100322,25,Self-Employed,1.5,59256,536,4.2,4911,20812,0,1,0,Personal Loan,Business,13500,15.23,0.351,0.228,0.076,0
CUST100323,60,Self-Employed,26.7,44109,798,3,662,7251,0,0,0,Credit Card,Debt Consolidation,56300,14.04,0.164,1.276,0.425,1
CUST100324,22,Employed,2.2,33678,564,2.1,789,9662,0,3,1,Personal Loan,Education,26300,15.89,0.287,0.781,0.26,0
CUST100325,20,Employed,0,,694,1,4,2544,0,0,0,Credit Card,Personal,4800,17.89,0.169,0.318,0.106,1
CUST100326,48,Employed,15.8,112171,689,2.7,2679,18191,0,0,0,Credit Card,Education,52100,17.09,0.162,0.464,0.155,1
CUST100327,44,Employed,24.8,107467,683,10.7,7790,24268,0,1,0,Line of Credit,Business,32400,9.51,0.226,0.301,0.1,1
CUST100328,42,Student,0.3,21536,555,6.1,2155,4602,0,2,0,Credit Card,Personal,2200,22.73,0.214,0.102,0.034,1
CUST100329,42,Employed,7.2,59354,713,21,17555,19148,0,0,0,Personal Loan,Home Improvement,66200,10.14,0.323,1.115,0.372,1
CUST100330,34,Employed,3.7,27602,655,12,11097,10218,0,0,0,Credit Card,Medical,11000,18.45,0.37,0.399,0.133,1
CUST100331,24,Student,0.4,32738,652,0.8,629,11084,0,0,1,Credit Card,Medical,3300,18.51,0.339,0.101,0.034,1
CUST100332,35,Employed,1.3,64070,679,2.6,6087,10630,0,0,1,Credit Card,Education,70000,18.52,0.166,1.093,0.364,1
CUST100333,26,Employed,3.7,31144,650,0.5,81,7936,0,0,0,Credit Card,Personal,28100,17.19,0.255,0.902,0.301,1
CUST100334,46,Employed,22.9,67772,590,0.9,834,14754,0,0,0,Line of Credit,Personal,50000,14.44,0.218,0.738,0.246,0
CUST100335,33,Self-Employed,3.4,43067,526,10.9,2193,12616,0,1,1,Credit Card,Business,43000,21.66,0.293,0.998,0.333,0
CUST100336,25,Employed,5,63114,591,0.4,37,2257,1,1,0,Credit Card,Medical,44900,22.57,0.036,0.711,0.237,0
CUST100337,31,Employed,7.4,58096,620,0.2,24,6654,0,0,0,Personal Loan,Education,50400,13.24,0.115,0.868,0.289,1
CUST100338,39,Student,0.4,15000,707,9.3,142,8956,0,0,0,Personal Loan,Personal,4700,10.97,0.597,0.313,0.104,0
CUST100339,28,Employed,5.7,39309,701,8.3,1655,6973,0,0,0,Personal Loan,Medical,47000,10.22,0.177,1.196,0.399,1
CUST100340,25,Self-Employed,2,145800,638,4.2,13368,70890,0,1,0,Credit Card,Medical,70000,19.69,0.486,0.48,0.16,0
CUST100341,37,Employed,4.3,43248,697,8.2,13510,18508,0,0,0,Credit Card,Personal,15100,17.19,0.428,0.349,0.116,1
CUST100342,37,Employed,0.3,48797,690,4.8,541,8304,0,0,0,Credit Card,Business,4800,18.62,0.17,0.098,0.033,1
CUST100343,28,Self-Employed,3,59261,555,5.5,73,15226,0,0,0,Personal Loan,Home Improvement,7000,15.07,0.257,0.118,0.039,0
CUST100344,29,Employed,3.6,21224,773,11,188,6315,0,0,0,Personal Loan,Personal,16300,8.95,0.298,0.768,0.256,1
CUST100345,37,Employed,5.4,69239,659,15.4,640,11513,0,1,0,Credit Card,Education,21800,17.45,0.166,0.315,0.105,1
CUST100346,18,Self-Employed,1,49997,547,1.6,659,13416,1,2,0,Credit Card,Medical,5600,22.89,0.268,0.112,0.037,0
CUST100347,18,Employed,0,30697,730,1.1,171,4394,0,0,0,Credit Card,Home Improvement,34900,16.49,0.143,1.137,0.379,1
CUST100348,26,Employed,7.4,44003,539,7.3,790,16197,0,2,1,Credit Card,Debt Consolidation,6800,21.46,0.368,0.155,0.052,0
CUST100349,32,Employed,0.4,24321,673,2.9,1636,12763,0,2,0,Personal Loan,Education,1600,11.87,0.525,0.066,0.022,0
CUST100350,38,Self-Employed,14.7,47200,666,7.9,1942,5191,0,0,0,Line of Credit,Education,27200,9.16,0.11,0.576,0.192,1
CUST100351,52,Employed,22.9,57869,744,26.7,4871,25474,0,0,0,Credit Card,Education,49400,15.8,0.44,0.854,0.285,1
CUST100352,45,Self-Employed,15.5,76555,631,3.5,402,38166,0,1,1,Personal Loan,Business,100000,15,0.499,1.306,0.435,0
CUST100353,33,Employed,14.9,25727,730,6.9,122,7799,0,0,0,Line of Credit,Personal,5000,9.24,0.303,0.194,0.065,1
CUST100354,34,Self-Employed,1.9,111424,594,1.7,309,49724,0,0,0,Personal Loan,Personal,100000,16.49,0.446,0.897,0.299,0
CUST100355,22,Employed,3.2,26784,624,0.5,543,6182,0,0,1,Credit Card,Personal,33000,20,0.231,1.232,0.411,0
CUST100356,34,Employed,9.5,29594,528,6.6,132,9996,0,2,0,Line of Credit,Education,6600,14.69,0.338,0.223,0.074,1
CUST100357,31,Self-Employed,2.3,37725,751,2.4,670,8603,0,0,0,Credit Card,Medical,50600,15.66,0.228,1.341,0.447,1
CUST100358,38,Student,1.5,31189,587,18.6,442,11582,0,0,0,Personal Loan,Personal,29600,16.44,0.371,0.949,0.316,0
CUST100359,25,Employed,2.5,36519,780,4.9,211,1451,0,0,0,Line of Credit,Education,22800,6.02,0.04,0.624,0.208,1
CUST100360,41,Self-Employed,5.5,47026,702,20.7,22924,16166,0,0,0,Credit Card,Medical,59500,16.08,0.344,1.265,0.422,1
CUST100361,53,Employed,20.2,61403,724,2.6,24,12891,0,0,0,Personal Loan,Personal,44100,10.92,0.21,0.718,0.239,1
CUST100362,33,Employed,7.2,25676,658,11.4,3752,440,0,0,0,Credit Card,Medical,19300,18.13,0.017,0.752,0.251,1
CUST100363,39,Student,0.3,62127,596,20.2,1173,15436,0,0,0,Credit Card,Home Improvement,6200,22.56,0.248,0.1,0.033,1
CUST100364,43,Student,1.5,18805,620,15.7,1365,6840,0,0,0,Credit Card,Education,1300,20.24,0.364,0.069,0.023,1
CUST100365,30,Employed,3.7,34420,595,1,159,4720,1,0,0,Credit Card,Business,32400,21.31,0.137,0.941,0.314,0
CUST100366,37,Employed,9.3,31190,645,5.6,455,3021,0,2,0,Credit Card,Debt Consolidation,36800,19.2,0.097,1.18,0.393,0
CUST100367,35,Employed,4.9,49580,596,9,120,13709,0,0,0,Personal Loan,Medical,64700,16.33,0.277,1.305,0.435,0
CUST100368,36,Employed,7.9,81913,810,2,503,44309,0,0,0,Credit Card,Debt Consolidation,24700,14.7,0.541,0.302,0.101,0
CUST100369,25,Employed,1.7,31426,638,7,147,4466,0,1,0,Line of Credit,Personal,5600,12.76,0.142,0.178,0.059,1
CUST100370,35,Employed,8.2,28224,679,15.4,4637,6756,0,1,0,Personal Loan,Personal,50900,12.83,0.239,1.803,0.601,1
CUST100371,40,Employed,3.5,66002,613,17.5,1683,18247,0,1,0,Personal Loan,Personal,100000,14.61,0.276,1.515,0.505,1
CUST100372,52,Employed,9.6,61681,721,11.4,9322,19616,0,0,0,Personal Loan,Home Improvement,22400,11.16,0.318,0.363,0.121,1
CUST100373,46,Student,0.4,18148,597,23.5,213,10104,0,2,0,Personal Loan,Personal,27000,15.6,0.557,1.488,0.496,0
CUST100374,60,Employed,14.4,,626,17.2,7483,3205,0,0,0,Personal Loan,Education,27500,13.96,0.101,0.866,0.289,1
CUST100375,25,Employed,5.8,56191,610,1.7,233,21004,0,1,0,Credit Card,Personal,70000,19.75,0.374,1.246,0.415,0
CUST100376,45,Employed,13.4,,636,12.7,1115,31789,0,1,0,Line of Credit,Personal,45200,12.18,0.269,0.382,0.127,1
CUST100377,37,Student,0.8,16427,663,16.6,2216,9682,0,0,0,Credit Card,Debt Consolidation,1600,18.31,0.589,0.097,0.032,0
CUST100378,61,Employed,22.9,60935,657,17,33961,7895,0,0,0,Credit Card,Business,62200,17.17,0.13,1.021,0.34,1
CUST100379,25,Employed,5.5,38018,593,2.9,73,10769,0,2,1,Line of Credit,Medical,5000,13.08,0.283,0.132,0.044,0
CUST100380,24,Student,0.6,21098,707,5.3,572,2528,0,0,0,Personal Loan,Home Improvement,26500,10.88,0.12,1.256,0.419,1
CUST100381,27,Employed,7.3,24119,602,2.7,181,6264,0,1,0,Credit Card,Home Improvement,20600,20.8,0.26,0.854,0.285,1
CUST100382,18,Employed,0,31536,515,0.8,58,3749,0,1,0,Line of Credit,Personal,28100,14.61,0.119,0.891,0.297,0
CUST100383,28,Employed,8.5,46301,570,4.5,4903,19969,0,1,1,Credit Card,Education,39500,22.92,0.431,0.853,0.284,0
CUST100384,25,Student,1.7,31578,758,2,849,12645,0,2,0,Credit Card,Education,3200,14.5,0.4,0.101,0.034,1
CUST100385,36,Employed,10.6,33379,734,7.3,15589,6567,0,0,0,Personal Loan,Business,64700,11.32,0.197,1.938,0.646,1
CUST100386,39,Self-Employed,6.7,146732,599,6.6,103,41967,0,0,0,Line of Credit,Education,38300,14.32,0.286,0.261,0.087,1
CUST100387,57,Employed,16.2,,667,29.8,1325,5858,0,0,0,Line of Credit,Home Improvement,8600,10.32,0.163,0.24,0.08,1
CUST100388,46,Employed,22.8,48634,629,24.6,10807,24629,0,1,0,Line of Credit,Home Improvement,25900,12.26,0.506,0.533,0.178,0
CUST100389,28,Employed,0.8,34698,589,1.3,448,7129,0,1,2,Credit Card,Medical,33300,22.76,0.205,0.96,0.32,0
CUST100390,24,Student,1.6,15000,688,2.6,3254,5585,0,0,0,Line of Credit,Education,8000,9.29,0.372,0.533,0.178,1
CUST100391,40,Employed,2.9,66334,650,15.1,907,16353,0,0,0,Personal Loan,Medical,6500,11.54,0.247,0.098,0.033,1
CUST100392,19,Employed,0.8,33005,671,1.7,207,7729,0,0,0,Line of Credit,Personal,27200,10.56,0.234,0.824,0.275,0
CUST100393,56,Employed,34.3,140473,719,16.1,63044,17786,0,0,0,Line of Credit,Personal,29600,8.18,0.127,0.211,0.07,1
CUST100394,49,Employed,15.9,40885,819,15.6,65,5733,0,0,0,Personal Loan,Home Improvement,78200,9.25,0.14,1.913,0.638,1
CUST100395,29,Employed,8.3,46803,658,3.7,1336,10146,0,0,0,Credit Card,Business,40000,17.95,0.217,0.855,0.285,1
CUST100396,18,Self-Employed,1,54344,578,0.1,33,3102,1,3,0,Personal Loan,Business,69900,15.07,0.057,1.286,0.429,0
CUST100397,51,Employed,25.5,46692,669,4.7,353,1473,0,0,0,Line of Credit,Business,14700,10.74,0.032,0.315,0.105,1
CUST100398,33,Employed,10.5,85159,680,13.8,12926,8345,0,0,0,Credit Card,Personal,69400,17.09,0.098,0.815,0.272,1
CUST100399,49,Employed,3.6,46401,759,28.9,11946,5256,0,0,0,Personal Loan,Medical,80000,8.36,0.113,1.724,0.575,1
CUST100400,18,Employed,0,44338,642,1,4,23008,0,1,0,Credit Card,Medical,20100,19.6,0.519,0.453,0.151,0
CUST100401,27,Employed,6.9,25109,595,7.2,1455,4939,0,0,1,Credit Card,Personal,33600,21.29,0.197,1.338,0.446,0
CUST100402,35,Employed,1.6,88075,682,7.7,29822,30179,0,0,0,Line of Credit,Personal,12100,9.26,0.343,0.137,0.046,1
CUST100403,35,Employed,11.2,38903,569,6,65,6142,0,1,0,Personal Loan,Business,60200,15.66,0.158,1.547,0.516,0
CUST100404,29,Employed,8.8,22220,585,6.8,4261,2985,0,4,0,Personal Loan,Medical,22900,16.14,0.134,1.031,0.344,0
CUST100405,42,Employed,8.4,128080,757,21.1,4962,8396,1,0,0,Credit Card,Medical,70000,15.78,0.066,0.547,0.182,0
CUST100406,22,Self-Employed,1,71922,569,3.2,501,20413,0,1,1,Personal Loan,Debt Consolidation,46000,16.06,0.284,0.64,0.213,0
CUST100407,33,Employed,4.1,65181,642,3.8,414,9455,0,0,0,Credit Card,Personal,20500,19.26,0.145,0.315,0.105,1
CUST100408,36,Employed,3.4,26914,667,5.2,1735,12545,0,1,0,Personal Loan,Education,26200,11.59,0.466,0.973,0.324,1
CUST100409,41,Student,1.9,,643,10.5,854,5287,0,0,0,Credit Card,Business,1600,20.83,0.328,0.099,0.033,1
CUST100410,43,Self-Employed,15.1,39277,601,15.7,4876,14849,0,0,0,Line of Credit,Debt Consolidation,29600,11.17,0.378,0.754,0.251,0
CUST100411,21,Student,0.1,16228,582,0.7,36,4189,0,0,0,Personal Loan,Education,4200,16.74,0.258,0.259,0.086,1
CUST100412,18,Employed,0,18152,533,0.8,37,5934,1,1,0,Credit Card,Personal,8400,22.13,0.327,0.463,0.154,0
CUST100413,50,Employed,3.7,56144,748,24,1779,15842,0,0,0,Line of Credit,Personal,19900,8.79,0.282,0.354,0.118,1
CUST100414,38,Employed,18.5,32457,719,0.1,13,14132,0,0,0,Line of Credit,Business,23100,9.33,0.435,0.712,0.237,0
CUST100415,26,Employed,3.6,61834,674,7.7,3473,23775,0,1,0,Credit Card,Business,4800,18.83,0.384,0.078,0.026,1
CUST100416,53,Employed,17,27378,717,6.5,631,4355,0,0,0,Credit Card,Education,7200,16.04,0.159,0.263,0.088,1
CUST100417,36,Employed,9.7,66950,563,6.5,1372,4847,0,2,0,Personal Loan,Personal,64700,16.71,0.072,0.966,0.322,1
CUST100418,49,Employed,2.9,55246,718,27.5,14894,11914,0,1,0,Credit Card,Home Improvement,38300,16,0.216,0.693,0.231,1
CUST100419,35,Employed,11.3,70753,676,4.4,10360,28077,0,1,0,Personal Loan,Personal,100000,11.86,0.397,1.413,0.471,0
CUST100420,59,Employed,26.2,97443,756,28.4,19380,28207,0,0,0,Credit Card,Education,70000,14.82,0.289,0.718,0.239,1
CUST100421,56,Self-Employed,17.8,103612,701,3.6,409,54829,0,1,0,Line of Credit,Business,27200,8.53,0.529,0.263,0.088,1
CUST100422,32,Employed,12.4,,657,5.1,76,3218,0,1,0,Credit Card,Personal,39600,18.97,0.076,0.934,0.311,1
CUST100423,46,Employed,13.4,136789,677,21,6669,62804,0,0,0,Credit Card,Home Improvement,48700,18.06,0.459,0.356,0.119,1
CUST100424,42,Self-Employed,14.5,21291,740,15.8,12003,6829,0,0,0,Credit Card,Education,26900,16.65,0.321,1.263,0.421,1
CUST100425,51,Employed,11.2,61983,752,6.5,1250,38366,0,0,0,Line of Credit,Education,46200,6.57,0.619,0.745,0.248,0
CUST100426,23,Student,1.8,52165,757,2.3,124,27105,0,1,0,Credit Card,Personal,5200,14.02,0.52,0.1,0.033,1
CUST100427,43,Employed,23.3,35011,637,19.7,615,4604,0,0,0,Line of Credit,Home Improvement,11600,11.78,0.132,0.331,0.11,1
CUST100428,47,Self-Employed,12.6,73264,614,4.8,165,14327,0,1,0,Credit Card,Business,67200,19.34,0.196,0.917,0.306,0
CUST100429,18,Employed,0,15000,711,1,74,8275,0,0,0,Line of Credit,Personal,7900,7.63,0.552,0.527,0.176,0
CUST100430,20,Employed,0.5,15000,562,0.1,33,4329,0,2,0,Credit Card,Debt Consolidation,9900,22.3,0.289,0.66,0.22,0
CUST100431,18,Self-Employed,1,48527,653,1.8,220,14158,0,0,0,Credit Card,Debt Consolidation,17700,18.09,0.292,0.365,0.122,0
CUST100432,31,Student,0.2,26253,761,5.9,23141,11601,0,0,0,Credit Card,Home Improvement,2600,14.89,0.442,0.099,0.033,1
CUST100433,43,Self-Employed,18.3,88712,658,12.3,171,34391,0,1,0,Line of Credit,Home Improvement,50000,10.18,0.388,0.564,0.188,1
CUST100434,53,Self-Employed,21.9,55268,572,23.4,165,9058,0,3,0,Line of Credit,Home Improvement,10700,14.4,0.164,0.194,0.065,0
CUST100435,35,Employed,16.2,36098,701,3,29,14183,0,0,0,Credit Card,Education,500,15.56,0.393,0.014,0.005,1
CUST100436,54,Self-Employed,23.6,149298,692,21.4,1589,83657,0,1,0,Personal Loan,Business,83500,11.73,0.56,0.559,0.186,0
CUST100437,18,Employed,0,25492,603,0.8,103,1904,0,0,0,Credit Card,Business,16100,20.58,0.075,0.632,0.211,0
CUST100438,18,Employed,0,32454,640,1.9,100,9535,0,2,0,Credit Card,Personal,37800,19.59,0.294,1.165,0.388,0
CUST100439,34,Employed,8.7,,631,4.5,521,22388,0,3,0,Line of Credit,Personal,42200,12.65,0.228,0.429,0.143,0
CUST100440,39,Employed,17.4,15716,761,11.6,1431,7046,0,0,0,Credit Card,Home Improvement,18500,14.03,0.448,1.177,0.392,1
CUST100441,34,Employed,8.8,20423,610,3.6,444,10220,0,1,0,Credit Card,Business,28200,20.23,0.5,1.381,0.46,0
CUST100442,18,Employed,0,23068,710,0.7,17,2945,0,0,0,Credit Card,Personal,32000,17.21,0.128,1.387,0.462,1
CUST100443,33,Employed,10.7,97139,628,4.6,1549,19263,0,0,0,Credit Card,Business,60900,19.21,0.198,0.627,0.209,1
CUST100444,19,Employed,0.6,22826,706,1.3,290,6365,0,0,0,Personal Loan,Medical,20000,10.02,0.279,0.876,0.292,1
CUST100445,43,Employed,18.7,52527,639,15.2,2626,8720,0,2,0,Line of Credit,Education,30800,11.38,0.166,0.586,0.195,1
CUST100446,39,Employed,10,44362,617,15.8,366,12126,0,1,0,Credit Card,Personal,35600,21,0.273,0.802,0.267,1
CUST100447,23,Employed,3.6,42946,588,3,254,14809,0,2,0,Line of Credit,Personal,26900,13.52,0.345,0.626,0.209,0
CUST100448,28,Employed,9.7,39516,632,9.9,216,5622,0,1,0,Personal Loan,Personal,33700,13.44,0.142,0.853,0.284,1
CUST100449,22,Employed,0.7,42112,563,1.1,524,17811,0,0,1,Credit Card,Education,50800,21.17,0.423,1.206,0.402,0
CUST100450,34,Employed,0.8,23983,570,11.9,1001,2570,0,0,0,Line of Credit,Medical,22400,13.46,0.107,0.934,0.311,0
CUST100451,46,Employed,16,70508,699,21.9,1698,27418,0,0,0,Personal Loan,Personal,54500,12.31,0.389,0.773,0.258,1
CUST100452,23,Employed,0.8,,439,3.8,69,11373,1,3,1,Personal Loan,Education,15400,15.99,0.488,0.661,0.22,0
CUST100453,41,Employed,3.8,49015,635,9.9,4754,13508,0,0,0,Personal Loan,Education,37700,13.49,0.276,0.769,0.256,1
CUST100454,28,Student,1.3,17167,551,0.7,57,2680,1,0,0,Personal Loan,Debt Consolidation,5800,16.17,0.156,0.338,0.113,0
CUST100455,25,Employed,3,53325,607,2.1,300,11763,0,1,0,Credit Card,Business,17300,19.3,0.221,0.324,0.108,1
CUST100456,33,Self-Employed,1.3,35745,666,13.1,659,4872,0,1,0,Credit Card,Education,5100,17.57,0.136,0.143,0.048,1
CUST100457,22,Employed,2.2,28683,611,0.5,575,8496,0,0,0,Credit Card,Personal,20900,19.1,0.296,0.729,0.243,1
CUST100458,28,Employed,2.4,,616,1.1,10,25599,0,1,1,Line of Credit,Medical,16600,12.45,0.594,0.385,0.128,0
CUST100459,20,Employed,0.9,43000,598,1.7,141,17475,0,0,1,Credit Card,Home Improvement,16200,21.78,0.406,0.377,0.126,0
CUST100460,58,Employed,1.6,69188,708,22.9,46112,28894,0,0,0,Line of Credit,Education,21100,9.07,0.418,0.305,0.102,1
CUST100461,35,Self-Employed,1.8,32692,603,8.1,1229,8153,0,0,0,Credit Card,Home Improvement,12500,20.95,0.249,0.382,0.127,1
CUST100462,26,Employed,1.5,32615,428,2.8,6,5956,0,0,0,Credit Card,Business,33300,22.53,0.183,1.021,0.34,0
CUST100463,37,Employed,13.6,25909,538,16.7,2053,1955,0,0,0,Personal Loan,Education,25800,15.51,0.075,0.996,0.332,1
CUST100464,33,Employed,11.8,45284,612,10.4,2570,25900,0,4,1,Credit Card,Personal,43000,19.38,0.572,0.95,0.317,0
CUST100465,32,Employed,4.8,98940,617,7.1,680,4395,0,0,0,Credit Card,Education,51000,19.48,0.044,0.515,0.172,1
CUST100466,42,Self-Employed,3.4,50698,681,3,399,11257,0,0,0,Credit Card,Personal,42100,18.35,0.222,0.83,0.277,1
CUST100467,44,Self-Employed,20.7,83859,656,21.2,8511,37064,0,0,0,Personal Loan,Home Improvement,44000,11.04,0.442,0.525,0.175,1
CUST100468,28,Employed,7.9,23826,737,6.6,1140,3647,0,0,0,Credit Card,Education,4600,17.12,0.153,0.193,0.064,1
CUST100469,28,Self-Employed,1.8,68984,591,0.6,1842,2578,0,0,0,Credit Card,Personal,70000,21.6,0.037,1.015,0.338,0
CUST100470,31,Employed,3,20535,591,2.2,180,7565,0,1,1,Credit Card,Education,24100,22.02,0.368,1.174,0.391,0
CUST100471,18,Employed,0,35547,523,1.8,29,11722,0,3,0,Credit Card,Personal,21900,21.42,0.33,0.616,0.205,0
CUST100472,18,Self-Employed,1,76480,555,1.5,745,13948,0,0,0,Personal Loan,Education,11200,15.59,0.182,0.146,0.049,1
CUST100473,51,Employed,30.8,15000,684,19.2,20160,6160,0,1,0,Credit Card,Business,18600,18.14,0.411,1.24,0.413,0
CUST100474,54,Self-Employed,3.4,197429,708,24.8,1560,95653,0,0,0,Credit Card,Education,70000,16.83,0.484,0.355,0.118,1
CUST100475,32,Employed,2.1,40369,714,0.2,3,11603,0,0,0,Personal Loan,Personal,7400,11.39,0.287,0.183,0.061,1
CUST100476,41,Employed,4.7,66470,698,16.2,1298,30376,0,1,0,Personal Loan,Personal,64200,12.37,0.457,0.966,0.322,1
CUST100477,38,Self-Employed,3.7,41481,688,0.8,9,2234,0,0,0,Personal Loan,Business,28600,11.31,0.054,0.689,0.23,1
CUST100478,70,Employed,37.6,79902,720,17,472,19746,1,1,0,Personal Loan,Education,100000,11.01,0.247,1.252,0.417,0
CUST100479,48,Employed,7.8,49319,624,8.2,176,19150,0,0,0,Credit Card,Personal,53200,20.5,0.388,1.079,0.36,1
CUST100480,33,Employed,5.6,45707,606,14.4,1349,8374,0,0,0,Line of Credit,Debt Consolidation,11900,12.43,0.183,0.26,0.087,1
CUST100481,23,Employed,0.3,22072,655,4.1,219,3099,0,0,0,Credit Card,Personal,8900,18.58,0.14,0.403,0.134,1
CUST100482,18,Employed,0,45911,580,0.5,29,10080,0,1,1,Personal Loan,Business,91800,16.45,0.22,2,0.667,0
CUST100483,37,Employed,5.1,23390,570,4.6,121,2423,0,0,0,Line of Credit,Medical,8100,14.93,0.104,0.346,0.115,0
CUST100484,25,Employed,1.7,50998,655,6.6,4279,17605,0,0,0,Credit Card,Personal,59000,18.09,0.345,1.157,0.386,1
CUST100485,18,Student,2,23696,525,0.2,7,11015,1,1,0,Line of Credit,Medical,6300,14.94,0.465,0.266,0.089,0
CUST100486,27,Employed,0.3,31104,629,2,415,4714,0,2,0,Credit Card,Home Improvement,22900,20.63,0.152,0.736,0.245,0
CUST100487,22,Employed,0.7,26471,681,0.9,174,2116,0,0,0,Personal Loan,Medical,19500,11.25,0.08,0.737,0.246,1
CUST100488,55,Employed,19,42029,764,23.9,1000,11843,0,0,0,Personal Loan,Business,25300,9.5,0.282,0.602,0.201,1
CUST100489,45,Employed,15.2,30920,583,19.9,83,5591,0,1,0,Credit Card,Education,37100,22.15,0.181,1.2,0.4,1
CUST100490,34,Employed,11.4,44435,624,13.6,6362,23444,0,1,0,Line of Credit,Home Improvement,22700,12.95,0.528,0.511,0.17,0
CUST100491,52,Employed,7.1,148442,625,6.1,300000,77495,0,0,0,Line of Credit,Education,42800,11.8,0.522,0.288,0.096,1
CUST100492,35,Employed,6.7,16995,591,13.3,218,2361,0,0,0,Credit Card,Personal,23000,21.37,0.139,1.353,0.451,1
CUST100493,24,Employed,1.7,36468,655,0.1,7,7292,0,0,0,Credit Card,Personal,21300,18.69,0.2,0.584,0.195,1
CUST100494,53,Employed,29.2,52529,592,14.6,2687,14020,0,2,0,Credit Card,Home Improvement,11200,22.71,0.267,0.213,0.071,0
CUST100495,41,Self-Employed,7.5,103463,771,19.9,140560,19911,0,0,0,Credit Card,Medical,19200,15.84,0.192,0.186,0.062,1
CUST100496,22,Employed,1,15000,574,3.1,332,5130,0,3,1,Credit Card,Education,2600,22.33,0.342,0.173,0.058,0
CUST100497,32,Employed,8.6,35666,589,11.9,1360,5889,0,2,0,Line of Credit,Medical,11100,13.4,0.165,0.311,0.104,0
CUST100498,24,Employed,0.6,36151,612,2.1,1631,5927,0,0,0,Credit Card,Home Improvement,29100,20.9,0.164,0.805,0.268,1
CUST100499,18,Self-Employed,1,20559,579,0.4,29,3282,1,0,0,Line of Credit,Business,14300,14.29,0.16,0.696,0.232,0
CUST100500,46,Employed,7.8,153379,692,3.8,435,51979,0,0,0,Line of Credit,Education,41300,9.22,0.339,0.269,0.09,1
CUST100501,57,Self-Employed,24.9,119547,749,11.9,3776,10765,0,0,0,Line of Credit,Debt Consolidation,50000,7.55,0.09,0.418,0.139,1
CUST100502,18,Student,2,28002,577,0.8,13,19862,0,0,0,Personal Loan,Education,2000,16.86,0.709,0.071,0.024,0
CUST100503,41,Student,0,30583,720,15.1,14630,13925,0,0,0,Personal Loan,Home Improvement,50000,10.32,0.455,1.635,0.545,0
CUST100504,27,Employed,1.7,20020,651,1.3,81,7225,0,1,0,Credit Card,Debt Consolidation,7600,17.12,0.361,0.38,0.127,0
CUST100505,29,Employed,8.2,52176,582,2.7,364,6379,0,2,0,Credit Card,Business,6600,21.46,0.122,0.126,0.042,0
CUST100506,27,Self-Employed,1.3,51720,648,6.5,75,6882,0,1,0,Line of Credit,Personal,22900,11.52,0.133,0.443,0.148,1
CUST100507,24,Employed,2.7,15000,643,2,100,4284,0,0,0,Personal Loan,Medical,19500,13.85,0.286,1.3,0.433,0
CUST100508,35,Employed,2.6,68025,609,13.3,127,27629,0,0,0,Personal Loan,Personal,20100,14.53,0.406,0.295,0.098,1
CUST100509,25,Employed,3.3,15000,737,2.8,202,8768,0,0,0,Personal Loan,Business,20100,11.1,0.585,1.34,0.447,0
CUST100510,38,Self-Employed,1.2,49088,601,15.7,2879,30809,0,2,0,Line of Credit,Medical,35500,11.39,0.628,0.723,0.241,0
CUST100511,34,Employed,2.4,47535,699,4.1,1645,11357,0,0,0,Personal Loan,Medical,52300,12.56,0.239,1.1,0.367,0
CUST100512,32,Self-Employed,3.5,169625,652,3.9,903,28909,0,0,0,Personal Loan,Personal,72800,12.59,0.17,0.429,0.143,1
CUST100513,24,Self-Employed,1.2,40463,572,3.1,661,10260,0,0,1,Personal Loan,Personal,45700,15.29,0.254,1.129,0.376,0
CUST100514,28,Employed,3.6,32911,644,8.8,1328,13327,0,2,0,Line of Credit,Medical,8600,11.85,0.405,0.261,0.087,0
CUST100515,44,Employed,3.8,50941,678,4.7,100,7079,0,1,0,Credit Card,Medical,64100,18.86,0.139,1.258,0.419,1
CUST100516,41,Employed,18.9,63099,733,12.1,936,15347,0,0,0,Personal Loan,Debt Consolidation,30300,11.24,0.243,0.48,0.16,1
CUST100517,23,Employed,2.6,44323,653,0.7,297,16944,0,1,0,Personal Loan,Business,52800,11.47,0.382,1.191,0.397,0
CUST100518,36,Employed,5.6,40702,677,14.8,1473,12785,0,0,0,Personal Loan,Business,34000,11.89,0.314,0.835,0.278,1
CUST100519,44,Employed,7.7,62852,666,19.3,15793,36604,0,0,0,Credit Card,Education,31900,18.6,0.582,0.508,0.169,0
CUST100520,18,Self-Employed,1,64529,609,1.2,60,14504,0,1,0,Personal Loan,Medical,38400,13.6,0.225,0.595,0.198,0
CUST100521,41,Employed,11.6,71686,612,16.3,7473,29124,0,0,0,Credit Card,Debt Consolidation,34200,20.75,0.406,0.477,0.159,0
CUST100522,27,Employed,4.8,39583,638,6.1,971,5419,0,0,0,Line of Credit,Education,6500,12.98,0.137,0.164,0.055,1
CUST100523,41,Employed,22.8,41353,574,10.5,165,3341,0,0,0,Credit Card,Personal,2900,21.4,0.081,0.07,0.023,1
CUST100524,25,Self-Employed,2.3,118928,606,0.6,60,17947,0,2,0,Credit Card,Education,29400,19.28,0.151,0.247,0.082,1
CUST100525,18,Employed,0,18568,609,0.2,7,2840,0,0,0,Personal Loan,Personal,25200,14.2,0.153,1.357,0.452,0
CUST100526,18,Employed,0,17460,606,0.6,23,2897,0,0,0,Credit Card,Personal,22900,19.33,0.166,1.312,0.437,0
CUST100527,35,Employed,9.4,42745,665,9.3,75,7564,0,0,1,Credit Card,Personal,11300,18.67,0.177,0.264,0.088,1
CUST100528,38,Employed,9.9,38908,666,16.2,5470,5152,0,0,0,Personal Loan,Debt Consolidation,73200,12.97,0.132,1.881,0.627,1
CUST100529,24,Employed,5.4,116699,668,0,0,46344,0,0,0,Credit Card,Personal,70000,18.08,0.397,0.6,0.2,1
CUST100530,42,Employed,17.3,29813,565,10,261,13094,0,1,0,Credit Card,Medical,38100,22.35,0.439,1.278,0.426,0
CUST100531,18,Employed,0,19736,510,1.6,97,6636,1,4,0,Credit Card,Home Improvement,20600,21.51,0.336,1.044,0.348,0
CUST100532,34,Self-Employed,3.5,63286,663,5.8,386,12110,0,0,0,Credit Card,Home Improvement,20200,17,0.191,0.319,0.106,1
CUST100533,20,Student,1.4,53961,655,0.8,153,7558,0,0,0,Credit Card,Education,5400,18.91,0.14,0.1,0.033,1
CUST100534,27,Employed,2.6,19043,643,1.9,9,3984,0,1,0,Credit Card,Home Improvement,24600,20.34,0.209,1.292,0.431,0
CUST100535,35,Employed,6,70413,544,4.7,189,6273,0,2,1,Credit Card,Business,8900,22.61,0.089,0.126,0.042,0
CUST100536,24,Self-Employed,1.7,107389,611,3.2,208,4898,0,0,0,Credit Card,Personal,38900,19.57,0.046,0.362,0.121,1
CUST100537,30,Employed,3.7,45830,588,10.4,1142,19004,0,3,0,Credit Card,Business,43300,22.74,0.415,0.945,0.315,0
CUST100538,47,Self-Employed,8.1,28915,703,26.2,519,3349,0,0,0,Personal Loan,Debt Consolidation,17100,11.02,0.116,0.591,0.197,1
CUST100539,28,Employed,4.4,24559,608,0.2,43,1484,0,1,0,Line of Credit,Personal,7200,12.8,0.06,0.293,0.098,0
CUST100540,45,Employed,17.9,46601,567,23.4,266,16691,0,0,0,Line of Credit,Home Improvement,18500,13.09,0.358,0.397,0.132,0
CUST100541,21,Employed,2.8,35186,653,1.2,373,15258,0,0,0,Line of Credit,Education,7400,10.57,0.434,0.21,0.07,1
CUST100542,41,Employed,3.4,78581,691,22.1,5311,13858,0,0,0,Personal Loan,Medical,75200,11.52,0.176,0.957,0.319,1
CUST100543,52,Self-Employed,8.3,65920,794,12.7,10538,16284,0,0,0,Credit Card,Home Improvement,32100,14.74,0.247,0.487,0.162,1
CUST100544,18,Employed,0,15000,592,0.1,2,3254,0,1,1,Personal Loan,Medical,17300,16.5,0.217,1.153,0.384,0
CUST100545,25,Employed,4.3,21951,588,3.6,31,3301,0,0,0,Credit Card,Education,21100,21.69,0.15,0.961,0.32,1
CUST100546,41,Employed,0.2,41264,659,5,236,3277,0,0,0,Personal Loan,Home Improvement,44600,11.21,0.079,1.081,0.36,1
CUST100547,32,Employed,12.5,52783,649,2.7,126,8340,0,1,0,Credit Card,Personal,44300,20.95,0.158,0.839,0.28,1
CUST100548,39,Employed,5.9,31114,689,5.4,1918,11082,0,2,0,Line of Credit,Medical,13500,10.03,0.356,0.434,0.145,1
CUST100549,27,Student,1.1,15000,659,6.9,109,2411,0,0,0,Credit Card,Business,1500,18.17,0.161,0.1,0.033,1
CUST100550,36,Self-Employed,5.8,55282,639,8.4,2031,4011,1,1,0,Credit Card,Personal,22300,20.92,0.073,0.403,0.134,0
CUST100551,33,Self-Employed,2.7,81963,575,11.8,33002,10727,0,0,0,Credit Card,Debt Consolidation,67600,21.17,0.131,0.825,0.275,0
CUST100552,49,Employed,18.7,68588,687,6.6,4310,36315,0,0,1,Line of Credit,Education,16800,10.16,0.529,0.245,0.082,1
CUST100553,38,Employed,4.3,37247,681,7.5,92687,8626,0,0,0,Line of Credit,Debt Consolidation,19100,9.79,0.232,0.513,0.171,1
CUST100554,39,Employed,4.8,46329,604,13,24975,26578,0,1,0,Personal Loan,Medical,55800,14.72,0.574,1.204,0.401,0
CUST100555,30,Employed,9.6,19466,682,5.6,1101,2460,0,0,0,Credit Card,Education,25700,18.2,0.126,1.32,0.44,1
CUST100556,29,Self-Employed,4.9,65351,581,5.5,1295,26126,0,0,0,Line of Credit,Personal,25800,14.88,0.4,0.395,0.132,0
CUST100557,29,Self-Employed,6.5,80181,635,4.2,13,26678,0,0,0,Credit Card,Debt Consolidation,70000,19.62,0.333,0.873,0.291,1
CUST100558,39,Employed,9.2,102845,625,18.4,3103,50029,0,1,0,Personal Loan,Medical,97400,14.41,0.486,0.947,0.316,0
CUST100559,29,Self-Employed,4,57327,619,3.6,1237,15732,0,0,0,Personal Loan,Home Improvement,63100,13.06,0.274,1.101,0.367,0
CUST100560,38,Employed,1.4,53746,701,17.8,6268,2188,0,0,0,Line of Credit,Medical,35100,8.98,0.041,0.653,0.218,1
CUST100561,59,Employed,14.4,33472,705,1.6,48,8161,0,0,0,Personal Loan,Medical,38700,10.14,0.244,1.156,0.385,1
CUST100562,45,Employed,1.3,64622,683,13.8,23455,18684,0,0,0,Credit Card,Education,21900,17.16,0.289,0.339,0.113,1
CUST100563,31,Employed,4.6,27700,722,9.2,399,13666,0,0,0,Line of Credit,Home Improvement,17700,8.87,0.493,0.639,0.213,1
CUST100564,49,Self-Employed,11.6,24547,635,1.5,41,9095,0,0,0,Personal Loan,Personal,10900,13.26,0.371,0.444,0.148,1
CUST100565,30,Employed,2.1,60091,673,0.7,1184,20593,0,0,0,Credit Card,Medical,70000,18.27,0.343,1.165,0.388,0
CUST100566,18,Self-Employed,1,110845,540,0.1,6,14623,1,3,0,Personal Loan,Debt Consolidation,62100,15.29,0.132,0.56,0.187,0
CUST100567,22,Employed,1.3,20125,681,3.6,65,4961,0,0,0,Personal Loan,Business,37900,12.52,0.247,1.883,0.628,1
CUST100568,18,Student,0.1,38001,630,0.8,83,10633,0,0,0,Credit Card,Medical,3800,19.67,0.28,0.1,0.033,1
CUST100569,30,Self-Employed,3.7,62714,637,6.9,375,8330,1,2,0,Line of Credit,Business,26600,11.61,0.133,0.424,0.141,0
CUST100570,35,Self-Employed,7.6,39328,629,7,1450,19218,0,0,0,Credit Card,Medical,19100,19.42,0.489,0.486,0.162,0
CUST100571,55,Employed,17.7,80789,782,9.8,11723,39363,0,0,0,Credit Card,Education,70000,15.56,0.487,0.866,0.289,1
CUST100572,38,Employed,11.3,80826,695,19.4,5817,1986,0,0,0,Personal Loan,Home Improvement,100000,12.93,0.025,1.237,0.412,1
CUST100573,32,Employed,12.4,31265,615,2.9,489,7190,0,0,0,Credit Card,Personal,1500,19.51,0.23,0.048,0.016,1
CUST100574,44,Employed,0.8,33163,614,22.4,3935,24378,0,1,0,Personal Loan,Education,34000,14.14,0.735,1.025,0.342,0
CUST100575,18,Employed,0,46360,719,1.2,128,1042,0,1,0,Credit Card,Personal,39200,15.55,0.022,0.846,0.282,1
CUST100576,37,Employed,7.1,99263,630,17.3,412,15772,0,1,0,Personal Loan,Personal,52800,13.7,0.159,0.532,0.177,1
CUST100577,44,Employed,10,120657,620,2.4,237,69862,0,0,0,Credit Card,Personal,65900,19.66,0.579,0.546,0.182,0
CUST100578,18,Employed,0,39557,565,1.6,61,3540,0,0,0,Personal Loan,Business,13300,16.98,0.089,0.336,0.112,0
CUST100579,48,Employed,17.8,33246,733,1.2,250,8901,0,0,0,Personal Loan,Business,36200,10.27,0.268,1.089,0.363,0
CUST100580,39,Employed,2.2,23588,625,1.4,204,6953,1,2,1,Credit Card,Business,10300,20.48,0.295,0.437,0.146,0
CUST100581,30,Self-Employed,5.4,97184,654,1.1,977,28572,0,0,0,Personal Loan,Home Improvement,78600,12.96,0.294,0.809,0.27,1
CUST100582,42,Employed,4.2,60720,668,0.6,78,14872,0,0,0,Credit Card,Debt Consolidation,27100,18.96,0.245,0.446,0.149,1
CUST100583,62,Employed,11.8,95179,578,24.2,19555,39291,0,0,0,Personal Loan,Education,82200,16.84,0.413,0.864,0.288,1
CUST100584,37,Employed,9.2,21373,599,17.7,150,11165,0,2,1,Credit Card,Debt Consolidation,16400,21.57,0.522,0.767,0.256,0
CUST100585,37,Employed,12.7,58485,720,6.1,2995,25549,0,2,0,Line of Credit,Education,29700,8.11,0.437,0.508,0.169,1
CUST100586,29,Employed,8.3,59125,584,0.9,867,27213,1,0,2,Line of Credit,Medical,35700,14.57,0.46,0.604,0.201,0
CUST100587,24,Employed,4.3,15960,553,2,37,318,0,0,0,Personal Loan,Medical,4700,15.4,0.02,0.294,0.098,1
CUST100588,44,Student,1,20579,589,7.9,203,3137,0,0,0,Credit Card,Business,2100,21.91,0.152,0.102,0.034,0
CUST100589,24,Self-Employed,1.2,42947,652,5.2,27,10430,0,0,1,Line of Credit,Education,24300,9.91,0.243,0.566,0.189,1
CUST100590,35,Employed,11.5,31549,671,3.5,742,1595,0,1,0,Credit Card,Personal,5600,17.72,0.051,0.178,0.059,1
CUST100591,29,Self-Employed,6.9,81803,690,2.9,219,4229,0,0,0,Personal Loan,Personal,100000,11.44,0.052,1.222,0.407,1
CUST100592,40,Student,1.6,30970,778,6.4,1240,9904,0,0,0,Personal Loan,Personal,3200,8.79,0.32,0.103,0.034,1
CUST100593,39,Employed,9.1,34267,649,9.1,195,14922,0,2,0,Personal Loan,Personal,17800,13.22,0.435,0.519,0.173,0
CUST100594,47,Student,0.9,55814,620,15.7,1016,20690,0,0,1,Credit Card,Personal,5600,20.41,0.371,0.1,0.033,1
CUST100595,28,Student,1.9,33997,850,6.8,1395,13100,0,1,0,Line of Credit,Debt Consolidation,18300,6.67,0.385,0.538,0.179,1
CUST100596,31,Self-Employed,1.5,83562,631,0.6,98,14414,0,0,0,Personal Loan,Home Improvement,100000,13.02,0.172,1.197,0.399,0
CUST100597,23,Employed,3,22398,551,3.6,585,7170,0,1,0,Line of Credit,Debt Consolidation,9500,14.05,0.32,0.424,0.141,0
CUST100598,29,Employed,1.6,61443,538,0.2,5,7645,0,0,0,Credit Card,Education,66100,22.54,0.124,1.076,0.359,0
CUST100599,39,Employed,1.6,20193,677,1.1,366,176,0,1,0,Personal Loan,Education,34500,11.88,0.009,1.709,0.57,1
CUST100600,44,Student,0.6,15000,657,13.7,35,6159,0,0,0,Credit Card,Personal,1500,17.38,0.411,0.1,0.033,1
CUST100601,23,Employed,1.1,25143,542,3.1,78,13045,0,0,0,Personal Loan,Debt Consolidation,15000,16.24,0.519,0.597,0.199,0
CUST100602,45,Self-Employed,2,51212,694,5,400,11576,0,0,0,Credit Card,Personal,13800,17.8,0.226,0.269,0.09,1
CUST100603,51,Employed,28.1,34974,659,1.3,373,21987,0,0,1,Credit Card,Medical,5900,18,0.629,0.169,0.056,0
CUST100604,39,Employed,17.5,75161,701,18.5,27465,27486,0,0,0,Line of Credit,Personal,50000,8.29,0.366,0.665,0.222,1
CUST100605,57,Student,1.4,15000,726,3,432,2240,0,0,0,Credit Card,Personal,1500,17.21,0.149,0.1,0.033,1
CUST100606,25,Self-Employed,2.5,120262,650,1.1,229,15734,0,0,0,Personal Loan,Medical,100000,12.31,0.131,0.832,0.277,1
CUST100607,20,Employed,0.1,35409,593,1.6,180,11187,0,3,0,Personal Loan,Personal,26600,16.27,0.316,0.751,0.25,0
CUST100608,18,Student,0.5,26677,596,0,0,6446,1,2,1,Line of Credit,Business,5900,14.71,0.242,0.221,0.074,0
CUST100609,52,Self-Employed,18.2,68328,681,3.4,4391,15634,0,0,0,Personal Loan,Education,100000,12.31,0.229,1.464,0.488,1
CUST100610,42,Student,1.8,17193,650,8.8,119,1170,0,1,0,Line of Credit,Medical,10800,10.8,0.068,0.628,0.209,1
CUST100611,34,Employed,11.3,90873,694,8.7,674,19791,0,0,0,Credit Card,Medical,44400,18.5,0.218,0.489,0.163,1
CUST100612,38,Student,0,15000,602,18.4,2894,4209,0,1,0,Personal Loan,Home Improvement,26400,14.59,0.281,1.76,0.587,0
CUST100613,21,Self-Employed,1,50336,622,2.2,257,19085,0,1,0,Personal Loan,Business,67500,14.03,0.379,1.341,0.447,0
CUST100614,64,Student,0.8,20425,558,26.4,1375,1979,0,1,0,Personal Loan,Business,6200,15.47,0.097,0.304,0.101,0
CUST100615,36,Employed,11.2,50771,623,14.2,33908,11333,0,1,0,Line of Credit,Medical,41200,11.11,0.223,0.811,0.27,1
CUST100616,36,Employed,12,51300,732,7.1,2697,16261,0,1,0,Personal Loan,Education,65400,9.93,0.317,1.275,0.425,1
CUST100617,43,Self-Employed,13.2,16646,636,23.3,16906,4989,0,3,0,Personal Loan,Education,21600,14.93,0.3,1.298,0.433,0
CUST100618,40,Employed,1.6,39588,698,6.5,2218,7300,0,0,0,Line of Credit,Education,31200,9.52,0.184,0.788,0.263,1
CUST100619,37,Self-Employed,11.6,37658,639,10.3,4900,16351,0,1,0,Credit Card,Education,11700,19.41,0.434,0.311,0.104,1
CUST100620,25,Student,1.3,28975,692,0.6,355,8669,0,0,0,Line of Credit,Personal,13900,9.24,0.299,0.48,0.16,1
CUST100621,40,Self-Employed,4.6,36146,718,12.9,734,21142,0,0,0,Personal Loan,Education,18700,10.33,0.585,0.517,0.172,0
CUST100622,57,Employed,19.4,68122,721,20.2,2977,20522,0,0,0,Credit Card,Education,70000,17.47,0.301,1.028,0.343,1
CUST100623,51,Employed,8.5,83176,785,23.8,1198,17663,0,0,0,Credit Card,Medical,70000,15.81,0.212,0.842,0.281,1
CUST100624,54,Employed,24.7,23629,597,10.8,2133,12445,0,0,0,Credit Card,Personal,1800,22.25,0.527,0.076,0.025,0
CUST100625,28,Employed,2.2,15000,615,6.5,746,2019,0,2,0,Credit Card,Personal,16000,20.74,0.135,1.067,0.356,0
CUST100626,23,Employed,0.1,28402,573,4.2,241,10007,0,0,1,Line of Credit,Debt Consolidation,13300,14.3,0.352,0.468,0.156,0
CUST100627,33,Employed,6.5,50487,705,11.2,6380,16594,0,0,0,Credit Card,Business,3400,17.17,0.329,0.067,0.022,1
CUST100628,35,Employed,0.7,48972,644,7.1,878,12076,0,1,0,Line of Credit,Personal,16800,12.19,0.247,0.343,0.114,1
CUST100629,48,Self-Employed,2.1,39879,682,22.9,990,19959,0,0,0,Personal Loan,Personal,67000,12.51,0.5,1.68,0.56,0
CUST100630,18,Employed,0,30102,604,0.3,51,8400,0,1,0,Personal Loan,Medical,36600,13.39,0.279,1.216,0.405,0
CUST100631,53,Employed,25.2,44097,670,21.7,5786,11683,0,0,0,Line of Credit,Education,14800,9.7,0.265,0.336,0.112,1
CUST100632,33,Employed,14.1,32958,617,14.1,938,20111,0,1,0,Credit Card,Education,1800,19.7,0.61,0.055,0.018,0
CUST100633,29,Employed,5.6,69784,430,10,2708,9755,0,0,1,Personal Loan,Business,100000,15.03,0.14,1.433,0.478,0
CUST100634,22,Employed,2.7,43242,620,0.6,200,3287,0,1,0,Credit Card,Personal,39000,19.36,0.076,0.902,0.301,1
CUST100635,18,Employed,0,42140,619,1.1,653,12786,0,1,0,Line of Credit,Debt Consolidation,15200,11.97,0.303,0.361,0.12,0
CUST100636,44,Employed,20.5,32691,703,20.3,1293,10285,0,2,0,Personal Loan,Education,49800,11.34,0.315,1.523,0.508,1
CUST100637,35,Employed,7.6,101292,735,4.4,458,27726,0,0,0,Credit Card,Business,45100,16.47,0.274,0.445,0.148,1
CUST100638,19,Student,1,22688,570,1.3,66,12715,0,1,1,Credit Card,Medical,2300,21.99,0.56,0.101,0.034,0
CUST100639,19,Employed,0.8,37023,632,1.8,2661,8912,0,3,0,Line of Credit,Personal,21100,12.26,0.241,0.57,0.19,0
CUST100640,30,Student,0.2,33310,638,3.5,273,8131,0,0,0,Line of Credit,Education,14300,11.6,0.244,0.429,0.143,1
CUST100641,55,Self-Employed,14.2,27123,730,13.9,163,4238,0,0,0,Line of Credit,Home Improvement,5000,7.97,0.156,0.184,0.061,1
CUST100642,31,Self-Employed,5.3,45688,601,6.5,293,5849,0,2,0,Credit Card,Home Improvement,700,20.04,0.128,0.015,0.005,1
CUST100643,18,Employed,0,44431,462,1.8,84,3740,0,0,0,Credit Card,Home Improvement,11500,22.91,0.084,0.259,0.086,0
CUST100644,32,Employed,9.9,50978,529,7.1,132,5753,0,1,0,Line of Credit,Business,13700,14.11,0.113,0.269,0.09,0
CUST100645,31,Self-Employed,6,104029,694,11.2,2795,39655,0,0,0,Personal Loan,Education,91100,11.52,0.381,0.876,0.292,1
CUST100646,18,Employed,0,24977,584,1.5,7,5400,0,1,0,Personal Loan,Medical,25800,15.87,0.216,1.033,0.344,0
CUST100647,34,Employed,15.7,30373,619,14.2,1109,6666,0,1,0,Credit Card,Business,28900,20.01,0.219,0.952,0.317,1
